chorale_id,st,pitch,dur,keysig,timesig,fermata
1,8,67,4,1,12,0
1,12,67,8,1,12,0
1,20,74,4,1,12,0
1,24,71,6,1,12,0
1,30,69,2,1,12,0
1,32,67,4,1,12,0
1,36,67,6,1,12,0
1,42,69,2,1,12,0
1,44,71,4,1,12,0
1,48,69,8,1,12,1
1,56,71,4,1,12,0
1,60,74,8,1,12,0
1,68,72,4,1,12,0
1,72,71,4,1,12,0
1,76,69,8,1,12,0
1,84,67,8,1,12,1
1,92,71,4,1,12,0
1,96,71,4,1,12,0
1,100,72,4,1,12,0
1,104,74,4,1,12,0
1,108,74,6,1,12,0
1,114,72,2,1,12,0
1,116,71,4,1,12,0
1,120,69,8,1,12,1
1,128,67,4,1,12,0
1,132,71,8,1,12,0
1,140,72,4,1,12,0
1,144,74,8,1,12,0
1,152,72,4,1,12,0
1,156,71,12,1,12,0
1,168,67,8,1,12,1
1,176,71,4,1,12,0
1,180,74,8,1,12,0
1,188,72,4,1,12,0
1,192,71,8,1,12,0
1,200,69,4,1,12,0
1,204,67,6,1,12,0
1,210,69,2,1,12,0
1,212,71,4,1,12,0
1,216,69,8,1,12,1
1,224,71,4,1,12,0
1,228,74,8,1,12,0
1,236,72,4,1,12,0
1,240,71,4,1,12,0
1,244,69,8,1,12,0
1,252,67,8,1,12,1
2,12,69,4,3,16,0
2,16,69,4,3,16,0
2,20,69,4,3,16,0
2,24,69,4,3,16,0
2,28,71,4,3,16,0
2,32,67,4,3,16,0
2,36,66,4,3,16,0
2,40,64,4,3,16,1
2,44,71,4,3,16,0
2,48,73,4,3,16,0
2,52,71,4,3,16,0
2,56,69,4,3,16,0
2,60,68,2,3,16,0
2,62,66,2,3,16,0
2,64,68,4,3,16,0
2,68,66,4,3,16,0
2,72,64,4,3,16,1
2,76,76,4,3,16,0
2,80,74,4,3,16,0
2,84,73,4,3,16,0
2,88,71,4,3,16,0
2,92,69,4,3,16,0
2,96,69,2,3,16,0
2,98,71,2,3,16,0
2,100,73,4,3,16,0
2,104,71,4,3,16,1
2,108,73,4,3,16,0
2,112,74,4,3,16,0
2,116,73,4,3,16,0
2,120,71,4,3,16,0
2,124,70,4,3,16,0
2,128,71,12,3,16,1
2,140,64,4,3,16,0
2,144,69,4,3,16,0
2,148,71,4,3,16,0
2,152,73,4,3,16,0
2,156,74,4,3,16,0
2,160,76,4,3,16,0
2,164,74,2,3,16,0
2,166,73,2,3,16,0
2,168,71,4,3,16,1
2,172,74,4,3,16,0
2,176,73,4,3,16,0
2,180,71,4,3,16,0
2,184,64,6,3,16,0
2,190,74,2,3,16,0
2,192,73,2,3,16,0
2,194,71,2,3,16,0
2,196,69,2,3,16,0
2,198,71,2,3,16,0
2,200,73,4,3,16,0
2,204,71,4,3,16,0
2,208,69,12,3,16,1
3,12,71,4,1,16,0
3,16,72,4,1,16,0
3,20,71,4,1,16,0
3,24,69,4,1,16,0
3,28,76,4,1,16,0
3,32,76,2,1,16,0
3,34,74,2,1,16,0
3,36,72,4,1,16,0
3,40,71,4,1,16,1
3,44,74,4,1,16,0
3,48,72,4,1,16,0
3,52,71,4,1,16,0
3,56,69,4,1,16,0
3,60,71,2,1,16,0
3,62,72,1,1,16,0
3,63,74,1,1,16,0
3,64,72,4,1,16,0
3,68,71,4,1,16,0
3,72,69,4,1,16,1
3,76,69,4,1,16,0
3,80,71,2,1,16,0
3,82,69,2,1,16,0
3,84,67,4,1,16,0
3,88,66,4,1,16,0
3,92,64,2,1,16,0
3,94,66,2,1,16,0
3,96,67,4,1,16,0
3,100,69,4,1,16,0
3,104,71,4,1,16,1
3,108,67,4,1,16,0
3,112,69,2,1,16,0
3,114,71,2,1,16,0
3,116,72,4,1,16,0
3,120,71,4,1,16,0
3,124,72,2,1,16,0
3,126,71,2,1,16,0
3,128,69,4,1,16,0
3,132,68,4,1,16,0
3,136,69,4,1,16,1
3,140,69,4,1,16,0
3,144,76,4,1,16,0
3,148,72,4,1,16,0
3,152,74,4,1,16,0
3,156,76,4,1,16,0
3,160,74,4,1,16,0
3,164,72,4,1,16,0
3,168,71,4,1,16,1
4,12,71,4,4,16,0
4,16,71,4,4,16,0
4,20,71,4,4,16,0
4,24,71,4,4,16,0
4,28,74,4,4,16,0
4,32,73,4,4,16,0
4,36,71,4,4,16,0
4,40,69,4,4,16,1
4,44,71,4,4,16,0
4,48,68,4,4,16,0
4,52,64,2,4,16,0
4,54,66,2,4,16,0
4,56,68,4,4,16,0
4,60,70,4,4,16,0
4,64,71,4,4,16,0
4,68,73,4,4,16,0
4,72,71,4,4,16,1
4,76,71,4,4,16,0
4,80,76,4,4,16,0
4,84,75,4,4,16,0
4,88,73,4,4,16,0
4,92,75,4,4,16,0
4,96,76,2,4,16,0
4,98,75,2,4,16,0
4,100,73,4,4,16,0
4,104,71,4,4,16,1
4,108,71,4,4,16,0
4,112,76,4,4,16,0
4,116,71,4,4,16,0
4,120,73,4,4,16,0
4,124,68,2,4,16,0
4,126,69,2,4,16,0
4,128,71,4,4,16,0
4,132,69,4,4,16,0
4,136,68,4,4,16,1
4,140,68,4,4,16,0
4,144,66,4,4,16,0
4,148,69,4,4,16,0
4,152,68,4,4,16,0
4,156,66,4,4,16,0
4,160,61,4,4,16,0
4,164,63,4,4,16,0
4,168,64,4,4,16,1
5,12,74,4,1,16,0
5,16,76,4,1,16,0
5,20,74,2,1,16,0
5,22,72,2,1,16,0
5,24,71,2,1,16,0
5,26,72,2,1,16,0
5,28,74,4,1,16,0
5,32,72,2,1,16,0
5,34,71,2,1,16,0
5,36,72,4,1,16,0
5,40,71,4,1,16,1
5,44,69,4,1,16,0
5,48,71,4,1,16,0
5,52,72,4,1,16,0
5,56,74,4,1,16,0
5,60,72,2,1,16,0
5,62,71,2,1,16,0
5,64,69,2,1,16,0
5,66,67,2,1,16,0
5,68,69,4,1,16,0
5,72,67,4,1,16,1
5,76,67,4,1,16,0
5,80,69,4,1,16,0
5,84,71,4,1,16,0
5,88,72,2,1,16,0
5,90,71,2,1,16,0
5,92,69,4,1,16,0
5,96,71,4,1,16,0
5,100,69,4,1,16,0
5,104,67,4,1,16,1
5,108,67,2,1,16,0
5,110,69,2,1,16,0
5,112,71,4,1,16,0
5,116,72,4,1,16,0
5,120,74,4,1,16,0
5,124,76,4,1,16,0
5,128,71,4,1,16,0
5,132,73,4,1,16,0
5,136,74,4,1,16,1
5,140,71,2,1,16,0
5,142,72,2,1,16,0
5,144,74,4,1,16,0
5,148,76,4,1,16,0
5,152,74,2,1,16,0
5,154,72,2,1,16,0
5,156,71,4,1,16,0
5,160,72,8,1,16,0
5,168,71,4,1,16,1
5,172,76,4,1,16,0
5,176,76,4,1,16,0
5,180,76,4,1,16,0
5,184,69,4,1,16,0
5,188,74,4,1,16,0
5,192,72,4,1,16,0
5,196,71,4,1,16,0
5,200,69,4,1,16,1
5,204,72,4,1,16,0
5,208,71,4,1,16,0
5,212,69,4,1,16,0
5,216,67,4,1,16,0
5,220,69,2,1,16,0
5,222,67,2,1,16,0
5,224,65,4,1,16,0
5,228,64,4,1,16,0
5,232,62,4,1,16,1
5,236,62,4,1,16,0
5,240,67,4,1,16,0
5,244,69,4,1,16,0
5,248,71,6,1,16,0
5,254,72,2,1,16,0
5,256,74,4,1,16,0
5,260,72,2,1,16,0
5,262,71,2,1,16,0
5,264,69,4,1,16,0
5,268,71,2,1,16,0
5,270,72,2,1,16,0
5,272,69,8,1,16,0
5,280,67,4,1,16,1
6,12,65,4,-1,16,0
6,16,69,4,-1,16,0
6,20,67,4,-1,16,0
6,24,69,4,-1,16,0
6,28,70,4,-1,16,0
6,32,72,8,-1,16,0
6,40,69,4,-1,16,1
6,44,74,4,-1,16,0
6,48,72,4,-1,16,0
6,52,70,4,-1,16,0
6,56,69,4,-1,16,0
6,60,67,4,-1,16,0
6,64,69,8,-1,16,1
6,76,72,4,-1,16,0
6,80,74,4,-1,16,0
6,84,76,4,-1,16,0
6,88,77,4,-1,16,0
6,92,76,4,-1,16,0
6,96,74,8,-1,16,0
6,104,72,4,-1,16,1
6,108,69,4,-1,16,0
6,112,70,4,-1,16,0
6,116,69,4,-1,16,0
6,120,67,4,-1,16,0
6,124,67,4,-1,16,0
6,128,65,12,-1,16,1
7,8,69,4,3,12,0
7,12,69,8,3,12,0
7,20,68,4,3,12,0
7,24,66,8,3,12,0
7,32,64,4,3,12,0
7,36,69,4,3,12,0
7,40,71,8,3,12,0
7,48,73,8,3,12,1
7,56,73,4,3,12,0
7,60,73,4,3,12,0
7,64,71,4,3,12,0
7,68,73,4,3,12,0
7,72,73,8,3,12,0
7,80,71,4,3,12,0
7,84,69,4,3,12,0
7,88,71,8,3,12,0
7,96,69,8,3,12,1
7,104,69,4,3,12,0
7,108,69,4,3,12,0
7,112,71,4,3,12,0
7,116,73,4,3,12,0
7,120,71,8,3,12,0
7,128,73,4,3,12,0
7,132,69,4,3,12,0
7,136,68,8,3,12,0
7,144,66,8,3,12,1
7,152,71,4,3,12,0
7,156,71,4,3,12,0
7,160,69,4,3,12,0
7,164,68,4,3,12,0
7,168,69,4,3,12,0
7,172,66,8,3,12,0
7,180,64,8,3,12,1
7,188,64,4,3,12,0
7,192,69,8,3,12,0
7,200,69,4,3,12,0
7,204,71,8,3,12,0
7,212,71,4,3,12,0
7,216,73,6,3,12,0
7,222,71,2,3,12,0
7,224,73,4,3,12,0
7,228,69,8,3,12,1
7,236,69,4,3,12,0
7,240,74,8,3,12,0
7,248,74,4,3,12,0
7,252,73,4,3,12,0
7,256,71,4,3,12,0
7,260,73,4,3,12,0
7,264,71,8,3,12,1
7,272,71,4,3,12,0
7,276,73,8,3,12,0
7,284,73,4,3,12,0
7,288,74,8,3,12,0
7,296,74,4,3,12,0
7,300,76,12,3,12,0
7,312,69,8,3,12,1
7,320,73,4,3,12,0
7,324,71,4,3,12,0
7,328,69,4,3,12,0
7,332,68,4,3,12,0
7,336,69,4,3,12,0
7,340,66,8,3,12,0
7,348,64,8,3,12,1
7,356,64,4,3,12,0
7,360,69,8,3,12,0
7,368,68,4,3,12,0
7,372,66,8,3,12,0
7,380,64,4,3,12,0
7,384,71,4,3,12,0
7,388,73,8,3,12,0
7,396,71,8,3,12,1
7,404,73,4,3,12,0
7,408,74,8,3,12,0
7,416,73,4,3,12,0
7,420,71,4,3,12,0
7,424,69,2,3,12,0
7,426,68,2,3,12,0
7,428,69,2,3,12,0
7,430,71,2,3,12,0
7,432,73,4,3,12,0
7,436,71,8,3,12,0
7,444,69,8,3,12,1
8,0,72,4,-4,16,0
8,4,72,4,-4,16,0
8,8,70,4,-4,16,0
8,12,68,4,-4,16,0
8,16,67,6,-4,16,0
8,22,65,2,-4,16,0
8,24,65,4,-4,16,0
8,28,65,4,-4,16,1
8,32,68,6,-4,16,0
8,38,70,2,-4,16,0
8,40,72,4,-4,16,0
8,44,72,4,-4,16,0
8,48,70,6,-4,16,0
8,54,68,2,-4,16,0
8,56,68,8,-4,16,1
8,64,68,4,-4,16,0
8,68,70,4,-4,16,0
8,72,70,4,-4,16,0
8,76,68,4,-4,16,0
8,80,67,6,-4,16,0
8,86,65,2,-4,16,0
8,88,65,8,-4,16,1
8,96,72,4,-4,16,0
8,100,72,4,-4,16,0
8,104,73,4,-4,16,0
8,108,73,4,-4,16,0
8,112,70,4,-4,16,0
8,116,70,4,-4,16,0
8,120,72,4,-4,16,0
8,124,72,4,-4,16,1
8,128,68,4,-4,16,0
8,132,68,4,-4,16,0
8,136,73,4,-4,16,0
8,140,73,4,-4,16,0
8,144,72,4,-4,16,0
8,148,72,4,-4,16,0
8,152,70,8,-4,16,1
8,160,67,4,-4,16,0
8,164,68,4,-4,16,0
8,168,70,4,-4,16,0
8,172,68,4,-4,16,0
8,176,67,4,-4,16,0
8,180,67,4,-4,16,0
8,184,65,8,-4,16,1
8,192,77,4,-4,16,0
8,196,77,4,-4,16,0
8,200,75,4,-4,16,0
8,204,75,4,-4,16,0
8,208,74,4,-4,16,0
8,212,74,4,-4,16,0
8,216,72,4,-4,16,0
8,220,72,4,-4,16,1
8,224,72,4,-4,16,0
8,228,72,4,-4,16,0
8,232,73,4,-4,16,0
8,236,72,4,-4,16,0
8,240,70,6,-4,16,0
8,246,68,2,-4,16,0
8,248,68,4,-4,16,0
8,252,68,4,-4,16,1
8,256,68,4,-4,16,0
8,260,68,4,-4,16,0
8,264,73,4,-4,16,0
8,268,73,4,-4,16,0
8,272,70,4,-4,16,0
8,276,70,4,-4,16,0
8,280,75,4,-4,16,0
8,284,75,4,-4,16,0
8,288,72,4,-4,16,0
8,292,72,4,-4,16,0
8,296,77,4,-4,16,0
8,300,77,4,-4,16,0
8,304,76,4,-4,16,0
8,308,76,4,-4,16,0
8,312,77,4,-4,16,0
8,316,77,4,-4,16,1
9,12,67,4,1,16,0
9,16,67,4,1,16,0
9,20,69,4,1,16,0
9,24,71,2,1,16,0
9,26,73,2,1,16,0
9,28,74,4,1,16,0
9,32,74,4,1,16,0
9,36,73,4,1,16,0
9,40,74,4,1,16,1
9,44,71,4,1,16,0
9,48,72,4,1,16,0
9,52,71,4,1,16,0
9,56,69,4,1,16,0
9,60,71,4,1,16,0
9,64,69,8,1,16,0
9,72,67,4,1,16,1
9,76,69,4,1,16,0
9,80,69,4,1,16,0
9,84,71,4,1,16,0
9,88,72,4,1,16,0
9,92,72,4,1,16,0
9,96,71,2,1,16,0
9,98,69,2,1,16,0
9,100,71,4,1,16,0
9,104,69,4,1,16,1
9,108,71,4,1,16,0
9,112,71,4,1,16,0
9,116,71,4,1,16,0
9,120,72,2,1,16,0
9,122,74,2,1,16,0
9,124,76,4,1,16,0
9,128,76,4,1,16,0
9,132,75,4,1,16,0
9,136,76,4,1,16,1
9,140,78,4,1,16,0
9,144,79,4,1,16,0
9,148,71,4,1,16,0
9,152,72,4,1,16,0
9,156,71,4,1,16,0
9,160,69,8,1,16,0
9,168,69,4,1,16,1
9,172,74,4,1,16,0
9,176,76,4,1,16,0
9,180,74,4,1,16,0
9,184,72,4,1,16,0
9,188,71,2,1,16,0
9,190,72,2,1,16,0
9,192,69,8,1,16,0
9,200,67,4,1,16,1
10,0,71,8,0,16,0
10,8,64,4,0,16,0
10,12,71,4,0,16,0
10,16,72,4,0,16,0
10,20,71,2,0,16,0
10,22,69,2,0,16,0
10,24,67,4,0,16,0
10,28,69,4,0,16,0
10,32,71,8,0,16,1
10,40,71,8,0,16,0
10,48,72,4,0,16,0
10,52,74,4,0,16,0
10,56,72,2,0,16,0
10,58,71,2,0,16,0
10,60,69,4,0,16,0
10,64,67,4,0,16,0
10,68,65,4,0,16,0
10,72,64,8,0,16,1
10,80,69,8,0,16,0
10,88,67,4,0,16,0
10,92,72,4,0,16,0
10,96,71,4,0,16,0
10,100,69,4,0,16,0
10,104,74,2,0,16,0
10,106,72,2,0,16,0
10,108,71,4,0,16,0
10,112,69,8,0,16,1
10,120,72,8,0,16,0
10,128,71,4,0,16,0
10,132,72,4,0,16,0
10,136,74,4,0,16,0
10,140,67,4,0,16,0
10,144,71,4,0,16,0
10,148,69,4,0,16,0
10,152,67,8,0,16,1
10,160,67,8,0,16,0
10,168,72,4,0,16,0
10,172,71,4,0,16,0
10,176,69,4,0,16,0
10,180,64,4,0,16,0
10,184,67,4,0,16,0
10,188,65,4,0,16,0
10,192,64,16,0,16,1
12,8,69,4,0,12,0
12,12,69,8,0,12,0
12,20,69,4,0,12,0
12,24,71,8,0,12,0
12,32,71,4,0,12,0
12,36,72,4,0,12,0
12,40,71,4,0,12,0
12,44,69,4,0,12,0
12,48,67,12,0,12,1
12,60,72,8,0,12,0
12,68,74,4,0,12,0
12,72,72,8,0,12,0
12,80,71,4,0,12,0
12,84,72,8,0,12,1
12,92,72,4,0,12,0
12,96,72,8,0,12,0
12,104,72,4,0,12,0
12,108,71,8,0,12,0
12,116,69,4,0,12,0
12,120,69,4,0,12,0
12,124,71,4,0,12,0
12,128,68,4,0,12,0
12,132,69,8,0,12,1
12,140,69,4,0,12,0
12,144,67,8,0,12,0
12,152,69,4,0,12,0
12,156,71,8,0,12,0
12,164,71,4,0,12,0
12,168,72,8,0,12,0
12,176,71,4,0,12,0
12,180,69,8,0,12,0
12,188,68,4,0,12,0
12,192,69,8,0,12,1
17,0,64,4,4,12,0
17,4,64,4,4,12,0
17,8,64,4,4,12,0
17,12,71,8,4,12,0
17,20,73,4,4,12,0
17,24,74,4,4,12,0
17,28,73,4,4,12,0
17,32,71,4,4,12,0
17,36,69,12,4,12,1
17,48,71,4,4,12,0
17,52,73,4,4,12,0
17,56,75,4,4,12,0
17,60,76,8,4,12,0
17,68,71,4,4,12,0
17,72,74,4,4,12,0
17,76,73,8,4,12,0
17,84,71,8,4,12,1
17,92,71,4,4,12,0
17,96,74,4,4,12,0
17,100,72,4,4,12,0
17,104,71,4,4,12,0
17,108,69,4,4,12,0
17,112,67,4,4,12,0
17,116,66,4,4,12,0
17,120,67,4,4,12,0
17,124,64,8,4,12,0
17,132,62,8,4,12,1
17,140,62,4,4,12,0
17,144,67,8,4,12,0
17,152,69,4,4,12,0
17,156,71,8,4,12,0
17,164,69,4,4,12,0
17,168,67,4,4,12,0
17,172,74,8,4,12,0
17,180,71,8,4,12,1
17,188,69,4,4,12,0
17,192,67,4,4,12,0
17,196,66,8,4,12,0
17,204,64,12,4,12,1
19,12,67,4,-2,16,0
19,16,67,4,-2,16,0
19,20,67,4,-2,16,0
19,24,66,4,-2,16,0
19,28,70,4,-2,16,0
19,32,69,4,-2,16,0
19,36,67,4,-2,16,0
19,40,66,4,-2,16,1
19,44,66,4,-2,16,0
19,48,66,4,-2,16,0
19,52,66,4,-2,16,0
19,56,67,4,-2,16,0
19,60,64,4,-2,16,0
19,64,66,4,-2,16,0
19,68,66,4,-2,16,0
19,72,67,4,-2,16,1
19,76,69,4,-2,16,0
19,80,69,4,-2,16,0
19,84,72,4,-2,16,0
19,88,69,4,-2,16,0
19,92,65,4,-2,16,0
19,96,67,4,-2,16,0
19,100,69,4,-2,16,0
19,104,70,4,-2,16,1
19,108,70,4,-2,16,0
19,112,69,4,-2,16,0
19,116,67,4,-2,16,0
19,120,66,4,-2,16,1
19,124,66,4,-2,16,0
19,128,66,4,-2,16,0
19,132,66,4,-2,16,0
19,136,67,4,-2,16,0
19,140,64,4,-2,16,0
19,144,66,4,-2,16,0
19,148,66,4,-2,16,0
19,152,67,4,-2,16,1
20,12,74,4,2,16,0
20,16,74,4,2,16,0
20,20,74,4,2,16,0
20,24,69,2,2,16,0
20,26,71,2,2,16,0
20,28,73,4,2,16,0
20,32,74,2,2,16,0
20,34,73,2,2,16,0
20,36,71,4,2,16,0
20,40,69,4,2,16,1
20,44,74,4,2,16,0
20,48,73,4,2,16,0
20,52,71,4,2,16,0
20,56,69,4,2,16,0
20,60,71,4,2,16,0
20,64,67,2,2,16,0
20,66,66,2,2,16,0
20,68,64,4,2,16,0
20,72,62,4,2,16,1
20,76,62,4,2,16,0
20,80,69,4,2,16,0
20,84,71,4,2,16,0
20,88,69,4,2,16,0
20,92,68,4,2,16,0
20,96,69,8,2,16,1
20,104,62,4,2,16,0
20,108,69,4,2,16,0
20,112,71,4,2,16,0
20,116,73,4,2,16,0
20,120,74,4,2,16,1
20,124,73,4,2,16,0
20,128,74,2,2,16,0
20,130,73,2,2,16,0
20,132,71,4,2,16,0
20,136,69,4,2,16,1
20,140,71,4,2,16,0
20,144,71,4,2,16,0
20,148,69,4,2,16,0
20,152,71,2,2,16,0
20,154,69,2,2,16,0
20,156,67,4,2,16,0
20,160,66,4,2,16,1
20,164,74,4,2,16,0
20,168,73,4,2,16,0
20,172,71,4,2,16,0
20,176,69,4,2,16,0
20,180,71,2,2,16,0
20,182,69,2,2,16,0
20,184,67,4,2,16,0
20,188,66,4,2,16,0
20,192,64,8,2,16,0
20,200,62,4,2,16,1
21,12,64,4,0,16,0
21,16,69,4,0,16,0
21,20,67,4,0,16,0
21,24,65,4,0,16,0
21,28,64,4,0,16,0
21,32,62,8,0,16,0
21,40,64,4,0,16,1
21,44,71,4,0,16,0
21,48,72,4,0,16,0
21,52,72,4,0,16,0
21,56,71,4,0,16,0
21,60,71,4,0,16,0
21,64,69,12,0,16,1
21,76,72,4,0,16,0
21,80,71,4,0,16,0
21,84,67,4,0,16,0
21,88,69,4,0,16,0
21,92,71,4,0,16,0
21,96,72,8,0,16,0
21,104,72,4,0,16,1
21,108,67,4,0,16,0
21,112,69,4,0,16,0
21,116,67,4,0,16,0
21,120,69,4,0,16,0
21,124,65,4,0,16,0
21,128,64,12,0,16,1
21,140,72,4,0,16,0
21,144,71,2,0,16,0
21,146,72,2,0,16,0
21,148,74,4,0,16,0
21,152,72,4,0,16,0
21,156,71,4,0,16,0
21,160,69,8,0,16,0
21,168,71,4,0,16,1
21,172,64,4,0,16,0
21,176,65,4,0,16,0
21,180,64,4,0,16,0
21,184,62,4,0,16,0
21,188,67,4,0,16,0
21,192,64,12,0,16,1
22,0,69,4,-1,16,0
22,4,67,4,-1,16,0
22,8,65,4,-1,16,0
22,12,67,4,-1,16,0
22,16,69,2,-1,16,0
22,18,70,2,-1,16,0
22,20,72,4,-1,16,0
22,24,70,8,-1,16,0
22,32,69,8,-1,16,1
22,40,72,4,-1,16,0
22,44,69,4,-1,16,0
22,48,70,4,-1,16,0
22,52,69,2,-1,16,0
22,54,67,2,-1,16,0
22,56,65,2,-1,16,0
22,58,67,2,-1,16,0
22,60,69,4,-1,16,0
22,64,67,8,-1,16,0
22,72,65,8,-1,16,1
22,80,72,4,-1,16,0
22,84,74,2,-1,16,0
22,86,76,2,-1,16,0
22,88,77,4,-1,16,0
22,92,77,4,-1,16,0
22,96,76,2,-1,16,0
22,98,74,2,-1,16,0
22,100,72,2,-1,16,0
22,102,74,2,-1,16,0
22,104,74,8,-1,16,0
22,112,72,8,-1,16,1
22,120,72,4,-1,16,0
22,124,74,2,-1,16,0
22,126,76,2,-1,16,0
22,128,77,4,-1,16,0
22,132,77,4,-1,16,0
22,136,76,2,-1,16,0
22,138,74,2,-1,16,0
22,140,72,2,-1,16,0
22,142,74,2,-1,16,0
22,144,74,8,-1,16,0
22,152,72,8,-1,16,1
22,160,67,4,-1,16,0
22,164,69,4,-1,16,0
22,168,70,4,-1,16,0
22,172,70,4,-1,16,0
22,176,69,2,-1,16,0
22,178,72,2,-1,16,0
22,180,70,2,-1,16,0
22,182,69,2,-1,16,0
22,184,67,4,-1,16,0
22,188,67,4,-1,16,1
22,192,72,4,-1,16,0
22,196,69,4,-1,16,0
22,200,70,4,-1,16,0
22,204,69,2,-1,16,0
22,206,67,2,-1,16,0
22,208,65,2,-1,16,0
22,210,67,2,-1,16,0
22,212,69,4,-1,16,0
22,216,67,8,-1,16,0
22,224,65,16,-1,16,1
24,12,62,4,2,16,0
24,16,69,4,2,16,0
24,20,69,4,2,16,0
24,24,71,4,2,16,0
24,28,73,4,2,16,0
24,32,74,8,2,16,0
24,40,74,4,2,16,1
24,44,78,4,2,16,0
24,48,76,4,2,16,0
24,52,74,4,2,16,0
24,56,74,4,2,16,0
24,60,73,4,2,16,0
24,64,74,12,2,16,1
24,76,74,2,2,16,0
24,78,76,2,2,16,0
24,80,78,4,2,16,0
24,84,78,4,2,16,0
24,88,76,6,2,16,0
24,94,74,2,2,16,0
24,96,73,2,2,16,0
24,98,71,2,2,16,0
24,100,73,4,2,16,0
24,104,69,4,2,16,1
24,108,73,4,2,16,0
24,112,74,4,2,16,0
24,116,73,4,2,16,0
24,120,71,4,2,16,0
24,124,71,4,2,16,0
24,128,69,12,2,16,1
24,140,69,4,2,16,0
24,144,66,2,2,16,0
24,146,67,2,2,16,0
24,148,69,4,2,16,0
24,152,71,4,2,16,0
24,156,69,4,2,16,0
24,160,69,4,2,16,0
24,164,67,2,2,16,0
24,166,66,2,2,16,0
24,168,66,4,2,16,1
24,172,69,4,2,16,0
24,176,67,4,2,16,0
24,180,66,4,2,16,0
24,184,64,4,2,16,0
24,188,64,4,2,16,0
24,192,62,12,2,16,1
25,12,66,4,3,16,0
25,16,66,4,3,16,0
25,20,68,4,3,16,0
25,24,69,4,3,16,0
25,28,71,4,3,16,0
25,32,73,8,3,16,1
25,44,73,4,3,16,0
25,48,73,6,3,16,0
25,54,71,2,3,16,0
25,56,69,4,3,16,0
25,60,71,4,3,16,0
25,64,68,8,3,16,1
25,76,68,4,3,16,0
25,80,69,4,3,16,0
25,84,71,4,3,16,0
25,88,73,4,3,16,0
25,92,73,4,3,16,0
25,96,71,8,3,16,0
25,104,73,4,3,16,1
25,108,73,4,3,16,0
25,112,69,4,3,16,0
25,116,71,4,3,16,0
25,120,73,4,3,16,0
25,124,74,2,3,16,0
25,126,76,2,3,16,0
25,128,73,4,3,16,0
25,132,71,2,3,16,0
25,134,69,2,3,16,0
25,136,69,4,3,16,1
25,140,73,4,3,16,0
25,144,76,4,3,16,0
25,148,73,4,3,16,0
25,152,73,4,3,16,0
25,156,73,4,3,16,0
25,160,71,8,3,16,0
25,168,71,4,3,16,1
25,172,71,4,3,16,0
25,176,73,6,3,16,0
25,182,71,2,3,16,0
25,184,69,4,3,16,0
25,188,71,2,3,16,0
25,190,69,2,3,16,0
25,192,68,8,3,16,0
25,200,66,4,3,16,1
26,12,65,2,-1,16,0
26,14,67,2,-1,16,0
26,16,69,4,-1,16,0
26,20,70,4,-1,16,0
26,24,72,4,-1,16,0
26,28,72,4,-1,16,0
26,32,74,4,-1,16,0
26,36,76,4,-1,16,0
26,40,77,4,-1,16,1
26,44,65,2,-1,16,0
26,46,67,2,-1,16,0
26,48,69,4,-1,16,0
26,52,70,4,-1,16,0
26,56,72,4,-1,16,0
26,60,72,4,-1,16,0
26,64,70,4,-1,16,0
26,68,69,4,-1,16,0
26,72,67,4,-1,16,1
26,76,69,4,-1,16,0
26,80,65,4,-1,16,0
26,84,65,4,-1,16,0
26,88,70,4,-1,16,0
26,92,69,4,-1,16,0
26,96,67,8,-1,16,0
26,104,65,4,-1,16,1
26,108,72,4,-1,16,0
26,112,67,4,-1,16,0
26,116,69,4,-1,16,0
26,120,70,4,-1,16,0
26,124,70,4,-1,16,0
26,128,69,4,-1,16,0
26,132,69,4,-1,16,0
26,136,67,4,-1,16,1
26,140,72,4,-1,16,0
26,144,74,4,-1,16,0
26,148,76,4,-1,16,0
26,152,77,4,-1,16,0
26,156,69,4,-1,16,0
26,160,67,4,-1,16,0
26,164,67,4,-1,16,0
26,168,65,4,-1,16,1
27,12,70,4,-2,16,0
27,16,70,4,-2,16,0
27,20,69,2,-2,16,0
27,22,67,2,-2,16,0
27,24,65,4,-2,16,0
27,28,70,4,-2,16,0
27,32,72,4,-2,16,0
27,36,74,4,-2,16,0
27,40,70,4,-2,16,1
27,44,65,4,-2,16,0
27,48,70,4,-2,16,0
27,52,72,4,-2,16,0
27,56,74,4,-2,16,0
27,60,75,4,-2,16,0
27,64,72,2,-2,16,0
27,66,70,2,-2,16,0
27,68,72,4,-2,16,0
27,72,70,4,-2,16,1
27,76,70,4,-2,16,0
27,80,67,4,-2,16,0
27,84,69,4,-2,16,0
27,88,70,2,-2,16,0
27,90,69,2,-2,16,0
27,92,67,4,-2,16,0
27,96,65,4,-2,16,0
27,100,64,4,-2,16,0
27,104,65,4,-2,16,1
27,108,65,4,-2,16,0
27,112,70,4,-2,16,0
27,116,72,4,-2,16,0
27,120,74,4,-2,16,0
27,124,75,4,-2,16,0
27,128,74,4,-2,16,0
27,132,72,4,-2,16,0
27,136,74,4,-2,16,1
27,140,72,4,-2,16,0
27,144,74,4,-2,16,0
27,148,75,4,-2,16,0
27,152,77,2,-2,16,0
27,154,75,2,-2,16,0
27,156,74,4,-2,16,0
27,160,72,2,-2,16,0
27,162,70,2,-2,16,0
27,164,72,4,-2,16,0
27,168,70,4,-2,16,1
28,0,71,4,2,16,0
28,4,71,4,2,16,0
28,8,69,4,2,16,0
28,12,74,4,2,16,0
28,16,73,2,2,16,0
28,18,71,2,2,16,0
28,20,73,4,2,16,0
28,24,71,8,2,16,1
28,32,71,2,2,16,0
28,34,73,2,2,16,0
28,36,74,4,2,16,0
28,40,76,4,2,16,0
28,44,74,4,2,16,0
28,48,76,4,2,16,0
28,52,78,4,2,16,0
28,56,74,8,2,16,1
28,64,74,4,2,16,0
28,68,76,4,2,16,0
28,72,78,2,2,16,0
28,74,76,2,2,16,0
28,76,74,4,2,16,0
28,80,76,2,2,16,0
28,82,74,2,2,16,0
28,84,73,4,2,16,0
28,88,71,8,2,16,1
28,96,71,4,2,16,0
28,100,71,4,2,16,0
28,104,69,4,2,16,0
28,108,74,4,2,16,0
28,112,73,2,2,16,0
28,114,71,2,2,16,0
28,116,73,4,2,16,0
28,120,71,8,2,16,1
29,0,67,4,1,16,0
29,4,69,4,1,16,0
29,8,71,4,1,16,0
29,12,69,4,1,16,0
29,16,67,4,1,16,0
29,20,66,4,1,16,0
29,24,64,4,1,16,0
29,28,62,4,1,16,1
29,32,67,4,1,16,0
29,36,69,4,1,16,0
29,40,71,4,1,16,0
29,44,72,4,1,16,0
29,48,71,4,1,16,0
29,52,69,4,1,16,0
29,56,67,8,1,16,1
29,64,71,4,1,16,0
29,68,72,4,1,16,0
29,72,74,4,1,16,0
29,76,72,4,1,16,0
29,80,71,4,1,16,0
29,84,69,4,1,16,0
29,88,71,8,1,16,1
29,96,74,4,1,16,0
29,100,74,4,1,16,0
29,104,76,4,1,16,0
29,108,74,4,1,16,0
29,112,72,4,1,16,0
29,116,71,4,1,16,0
29,120,69,8,1,16,1
29,128,71,4,1,16,0
29,132,74,4,1,16,0
29,136,72,4,1,16,0
29,140,71,2,1,16,0
29,142,69,2,1,16,0
29,144,67,4,1,16,0
29,148,69,4,1,16,0
29,152,71,8,1,16,0
29,160,67,8,1,16,1
29,168,71,2,1,16,0
29,170,72,2,1,16,0
29,172,74,4,1,16,0
29,176,72,4,1,16,0
29,180,71,4,1,16,0
29,184,69,4,1,16,0
29,188,71,4,1,16,0
29,192,69,8,1,16,0
29,200,67,8,1,16,1
31,12,72,4,0,16,0
31,16,72,4,0,16,0
31,20,69,2,0,16,0
31,22,71,2,0,16,0
31,24,72,2,0,16,0
31,26,74,2,0,16,0
31,28,76,4,0,16,0
31,32,74,2,0,16,0
31,34,76,1,0,16,0
31,35,77,1,0,16,0
31,36,74,4,0,16,0
31,40,72,4,0,16,1
31,44,72,4,0,16,0
31,48,71,4,0,16,0
31,52,69,2,0,16,0
31,54,71,2,0,16,0
31,56,72,4,0,16,0
31,60,74,2,0,16,0
31,62,72,2,0,16,0
31,64,71,8,0,16,0
31,72,69,4,0,16,1
31,76,74,4,0,16,0
31,80,76,4,0,16,0
31,84,76,4,0,16,0
31,88,71,2,0,16,0
31,90,72,2,0,16,0
31,92,74,4,0,16,0
31,96,72,4,0,16,0
31,100,72,4,0,16,0
31,104,71,4,0,16,1
31,108,72,4,0,16,0
31,112,74,4,0,16,0
31,116,69,2,0,16,0
31,118,71,2,0,16,0
31,120,72,4,0,16,0
31,124,71,4,0,16,0
31,128,69,1,0,16,0
31,129,71,1,0,16,0
31,130,72,2,0,16,0
31,132,69,4,0,16,0
31,136,67,4,0,16,1
31,140,72,4,0,16,0
31,144,71,4,0,16,0
31,148,69,2,0,16,0
31,150,71,2,0,16,0
31,152,72,4,0,16,0
31,156,74,2,0,16,0
31,158,72,2,0,16,0
31,160,71,8,0,16,0
31,168,69,4,0,16,1
32,12,76,4,3,16,0
32,16,76,4,3,16,0
32,20,76,4,3,16,0
32,24,78,4,3,16,0
32,28,78,4,3,16,0
32,32,76,8,3,16,1
32,44,73,4,3,16,0
32,48,74,4,3,16,0
32,52,73,4,3,16,0
32,56,71,4,3,16,0
32,60,73,3,3,16,0
32,63,74,1,3,16,0
32,64,71,8,3,16,0
32,72,69,4,3,16,1
32,76,71,4,3,16,0
32,80,71,4,3,16,0
32,84,71,4,3,16,0
32,88,73,4,3,16,0
32,92,73,4,3,16,0
32,96,71,8,3,16,1
32,108,71,4,3,16,0
32,112,73,2,3,16,0
32,114,75,2,3,16,0
32,116,76,4,3,16,0
32,120,76,4,3,16,0
32,124,75,4,3,16,0
32,128,76,8,3,16,1
32,140,76,4,3,16,0
32,144,78,4,3,16,0
32,148,76,4,3,16,0
32,152,74,4,3,16,0
32,156,73,4,3,16,0
32,160,74,8,3,16,1
32,172,73,4,3,16,0
32,176,71,4,3,16,0
32,180,73,3,3,16,0
32,183,74,1,3,16,0
32,184,71,6,3,16,0
32,190,69,2,3,16,0
32,192,69,12,3,16,1
33,0,69,4,0,16,0
33,4,64,2,0,16,0
33,6,66,2,0,16,0
33,8,68,4,0,16,0
33,12,69,4,0,16,0
33,16,71,2,0,16,0
33,18,72,1,0,16,0
33,19,74,1,0,16,0
33,20,72,2,0,16,0
33,22,71,2,0,16,0
33,24,71,4,0,16,0
33,28,69,4,0,16,1
33,32,72,4,0,16,0
33,36,71,4,0,16,0
33,40,69,4,0,16,0
33,44,71,4,0,16,0
33,48,72,4,0,16,0
33,52,74,4,0,16,0
33,56,76,8,0,16,1
33,64,76,4,0,16,0
33,68,77,4,0,16,0
33,72,79,4,0,16,0
33,76,72,4,0,16,0
33,80,77,4,0,16,0
33,84,76,4,0,16,0
33,88,74,4,0,16,0
33,92,72,4,0,16,1
33,96,74,4,0,16,0
33,100,74,4,0,16,0
33,104,76,4,0,16,0
33,108,69,4,0,16,0
33,112,74,4,0,16,0
33,116,72,2,0,16,0
33,118,71,2,0,16,0
33,120,71,8,0,16,0
33,128,69,16,0,16,1
34,12,64,4,0,16,0
34,16,67,4,0,16,0
34,20,67,4,0,16,0
34,24,69,4,0,16,0
34,28,71,4,0,16,0
34,32,72,4,0,16,0
34,36,71,4,0,16,0
34,40,69,4,0,16,1
34,44,67,4,0,16,0
34,48,72,4,0,16,0
34,52,71,4,0,16,0
34,56,72,4,0,16,0
34,60,69,4,0,16,0
34,64,67,4,0,16,0
34,68,65,4,0,16,0
34,72,64,4,0,16,1
34,76,64,4,0,16,0
34,80,69,4,0,16,0
34,84,69,4,0,16,0
34,88,67,4,0,16,0
34,92,72,4,0,16,0
34,96,71,4,0,16,0
34,100,69,4,0,16,0
34,104,67,4,0,16,1
34,108,67,4,0,16,0
34,112,72,4,0,16,0
34,116,67,4,0,16,0
34,120,69,4,0,16,0
34,124,64,4,0,16,0
34,128,69,2,0,16,0
34,130,67,2,0,16,0
34,132,65,4,0,16,0
34,136,64,4,0,16,1
34,140,64,4,0,16,0
34,144,69,4,0,16,0
34,148,69,4,0,16,0
34,152,67,2,0,16,0
34,154,65,2,0,16,0
34,156,64,4,0,16,0
34,160,65,4,0,16,0
34,164,62,4,0,16,0
34,168,60,4,0,16,1
34,172,60,4,0,16,0
34,176,67,8,0,16,0
34,184,69,4,0,16,0
34,188,71,4,0,16,0
34,192,72,4,0,16,0
34,196,67,4,0,16,0
34,200,69,4,0,16,0
34,204,67,4,0,16,0
34,208,65,6,0,16,0
34,214,65,2,0,16,0
34,216,64,4,0,16,1
35,0,69,4,3,16,0
35,4,71,4,3,16,0
35,8,73,2,3,16,0
35,10,74,2,3,16,0
35,12,76,4,3,16,0
35,16,69,4,3,16,0
35,20,68,4,3,16,0
35,24,66,4,3,16,0
35,28,64,4,3,16,1
35,32,66,4,3,16,0
35,36,68,4,3,16,0
35,40,69,4,3,16,0
35,44,71,4,3,16,0
35,48,73,2,3,16,0
35,50,74,2,3,16,0
35,52,71,4,3,16,0
35,56,69,8,3,16,1
35,64,73,4,3,16,0
35,68,73,4,3,16,0
35,72,71,4,3,16,0
35,76,73,4,3,16,0
35,80,74,4,3,16,0
35,84,73,2,3,16,0
35,86,71,2,3,16,0
35,88,71,2,3,16,0
35,90,69,2,3,16,0
35,92,71,4,3,16,1
35,96,66,4,3,16,0
35,100,68,4,3,16,0
35,104,69,4,3,16,0
35,108,71,4,3,16,0
35,112,73,2,3,16,0
35,114,74,2,3,16,0
35,116,71,4,3,16,0
35,120,69,2,3,16,0
35,122,68,2,3,16,0
35,124,69,4,3,16,1
37,0,76,4,0,16,0
37,4,76,4,0,16,0
37,8,71,4,0,16,0
37,12,72,4,0,16,0
37,16,74,4,0,16,0
37,20,72,2,0,16,0
37,22,71,2,0,16,0
37,24,71,4,0,16,0
37,28,69,4,0,16,1
37,32,72,4,0,16,0
37,36,72,4,0,16,0
37,40,71,4,0,16,0
37,44,69,4,0,16,0
37,48,68,4,0,16,0
37,52,69,4,0,16,0
37,56,71,8,0,16,1
37,64,71,4,0,16,0
37,68,72,4,0,16,0
37,72,74,2,0,16,0
37,74,72,2,0,16,0
37,76,71,4,0,16,0
37,80,72,4,0,16,0
37,84,71,2,0,16,0
37,86,69,2,0,16,0
37,88,69,4,0,16,0
37,92,67,4,0,16,1
37,96,72,4,0,16,0
37,100,74,4,0,16,0
37,104,76,2,0,16,0
37,106,74,2,0,16,0
37,108,72,4,0,16,0
37,112,77,4,0,16,0
37,116,76,4,0,16,0
37,120,74,4,0,16,0
37,124,72,4,0,16,1
37,128,71,4,0,16,0
37,132,72,4,0,16,0
37,136,74,4,0,16,0
37,140,76,4,0,16,0
37,144,74,4,0,16,0
37,148,72,4,0,16,0
37,152,71,8,0,16,1
37,160,69,4,0,16,0
37,164,71,4,0,16,0
37,168,72,2,0,16,0
37,170,71,2,0,16,0
37,172,74,4,0,16,0
37,176,72,4,0,16,0
37,180,71,2,0,16,0
37,182,69,2,0,16,0
37,184,69,8,0,16,1
38,0,71,4,1,16,0
38,4,72,4,1,16,0
38,8,74,4,1,16,0
38,12,74,4,1,16,0
38,16,67,4,1,16,0
38,20,69,4,1,16,0
38,24,71,8,1,16,1
38,32,76,4,1,16,0
38,36,78,4,1,16,0
38,40,79,4,1,16,0
38,44,71,4,1,16,0
38,48,69,8,1,16,0
38,56,67,8,1,16,1
38,64,74,4,1,16,0
38,68,69,4,1,16,0
38,72,71,8,1,16,1
38,80,76,6,1,16,0
38,86,74,2,1,16,0
38,88,73,8,1,16,1
38,96,74,4,1,16,0
38,100,69,4,1,16,0
38,104,71,2,1,16,0
38,106,73,2,1,16,0
38,108,74,4,1,16,0
38,112,74,4,1,16,0
38,116,73,4,1,16,0
38,120,74,8,1,16,1
38,128,76,4,1,16,0
38,132,78,4,1,16,0
38,136,79,4,1,16,0
38,140,71,4,1,16,0
38,144,69,8,1,16,0
38,152,67,8,1,16,1
39,0,64,4,1,16,0
39,4,64,4,1,16,0
39,8,67,4,1,16,0
39,12,67,4,1,16,0
39,16,69,4,1,16,0
39,20,69,4,1,16,0
39,24,71,4,1,16,0
39,28,71,4,1,16,1
39,32,71,4,1,16,0
39,36,74,4,1,16,0
39,40,72,4,1,16,0
39,44,71,4,1,16,0
39,48,69,6,1,16,0
39,54,69,2,1,16,0
39,56,67,8,1,16,1
39,64,69,4,1,16,0
39,68,69,4,1,16,0
39,72,71,4,1,16,0
39,76,67,4,1,16,0
39,80,66,6,1,16,0
39,86,66,2,1,16,0
39,88,64,8,1,16,1
39,96,76,4,1,16,0
39,100,76,4,1,16,0
39,104,74,4,1,16,0
39,108,74,4,1,16,0
39,112,73,4,1,16,0
39,116,73,4,1,16,0
39,120,71,4,1,16,0
39,124,71,4,1,16,1
39,128,74,4,1,16,0
39,132,74,4,1,16,0
39,136,72,4,1,16,0
39,140,71,4,1,16,0
39,144,69,6,1,16,0
39,150,69,2,1,16,0
39,152,67,8,1,16,1
39,160,69,4,1,16,0
39,164,69,4,1,16,0
39,168,71,4,1,16,0
39,172,67,4,1,16,0
39,176,66,6,1,16,0
39,182,66,2,1,16,0
39,184,64,8,1,16,1
40,12,72,4,0,16,0
40,16,71,4,0,16,0
40,20,69,4,0,16,0
40,24,67,4,0,16,1
40,28,67,4,0,16,0
40,32,69,4,0,16,0
40,36,71,4,0,16,0
40,40,72,4,0,16,1
40,44,74,4,0,16,0
40,48,72,4,0,16,0
40,52,71,4,0,16,0
40,56,69,4,0,16,0
40,60,71,2,0,16,0
40,62,72,2,0,16,0
40,64,69,8,0,16,0
40,72,67,4,0,16,1
40,76,72,4,0,16,0
40,80,71,4,0,16,0
40,84,72,4,0,16,0
40,88,74,4,0,16,1
40,92,74,4,0,16,0
40,96,76,4,0,16,0
40,100,74,2,0,16,0
40,102,72,2,0,16,0
40,104,74,4,0,16,1
40,108,67,4,0,16,0
40,112,69,4,0,16,0
40,116,71,4,0,16,0
40,120,72,2,0,16,0
40,122,74,2,0,16,0
40,124,76,2,0,16,0
40,126,77,2,0,16,0
40,128,74,8,0,16,0
40,136,72,4,0,16,1
41,12,64,4,0,16,0
41,16,67,4,0,16,0
41,20,69,4,0,16,0
41,24,67,4,0,16,0
41,28,72,4,0,16,0
41,32,72,4,0,16,0
41,36,71,4,0,16,0
41,40,72,4,0,16,1
41,44,72,4,0,16,0
41,48,71,4,0,16,0
41,52,69,4,0,16,0
41,56,74,6,0,16,0
41,62,72,2,0,16,0
41,64,71,4,0,16,0
41,68,72,4,0,16,0
41,72,71,8,0,16,0
41,80,69,12,0,16,1
41,92,69,4,0,16,0
41,96,69,4,0,16,0
41,100,69,4,0,16,0
41,104,71,6,0,16,0
41,110,69,2,0,16,0
41,112,71,4,0,16,0
41,116,67,4,0,16,0
41,120,67,4,0,16,0
41,124,66,4,0,16,0
41,128,67,4,0,16,1
41,132,67,4,0,16,0
41,136,69,4,0,16,0
41,140,71,4,0,16,0
41,144,72,4,0,16,0
41,148,71,4,0,16,0
41,152,69,8,0,16,0
41,160,71,4,0,16,1
41,164,64,2,0,16,0
41,166,66,2,0,16,0
41,168,67,4,0,16,0
41,172,69,4,0,16,0
41,176,67,4,0,16,0
41,180,72,4,0,16,0
41,184,72,4,0,16,0
41,188,71,4,0,16,0
41,192,72,4,0,16,1
41,196,72,4,0,16,0
41,200,71,4,0,16,0
41,204,69,4,0,16,0
41,208,74,6,0,16,0
41,214,72,2,0,16,0
41,216,71,4,0,16,0
41,220,72,4,0,16,0
41,224,71,8,0,16,0
41,232,69,4,0,16,1
42,12,73,4,3,16,0
42,16,69,4,3,16,0
42,20,71,4,3,16,0
42,24,73,4,3,16,0
42,28,76,4,3,16,0
42,32,74,4,3,16,0
42,36,74,4,3,16,0
42,40,73,4,3,16,1
42,44,76,4,3,16,0
42,48,74,4,3,16,0
42,52,73,4,3,16,0
42,56,71,4,3,16,0
42,60,71,4,3,16,0
42,64,73,12,3,16,1
42,76,71,4,3,16,0
42,80,71,4,3,16,0
42,84,71,4,3,16,0
42,88,73,4,3,16,0
42,92,71,4,3,16,0
42,96,69,4,3,16,0
42,100,71,4,3,16,0
42,104,68,4,3,16,1
42,108,68,4,3,16,0
42,112,69,4,3,16,0
42,116,71,4,3,16,0
42,120,73,4,3,16,0
42,124,71,2,3,16,0
42,126,73,2,3,16,0
42,128,74,4,3,16,0
42,132,73,4,3,16,0
42,136,71,8,3,16,0
42,144,69,12,3,16,1
44,12,62,2,2,16,0
44,14,64,2,2,16,0
44,16,66,4,2,16,0
44,20,67,4,2,16,0
44,24,69,4,2,16,0
44,28,69,4,2,16,0
44,32,67,4,2,16,0
44,36,66,4,2,16,0
44,40,64,4,2,16,1
44,44,69,4,2,16,0
44,48,71,4,2,16,0
44,52,73,4,2,16,0
44,56,74,4,2,16,0
44,60,73,4,2,16,0
44,64,71,8,2,16,0
44,72,69,4,2,16,1
44,76,69,4,2,16,0
44,80,74,4,2,16,0
44,84,73,4,2,16,0
44,88,71,4,2,16,0
44,92,69,4,2,16,0
44,96,67,4,2,16,0
44,100,66,4,2,16,0
44,104,64,4,2,16,1
44,108,69,4,2,16,0
44,112,67,4,2,16,0
44,116,66,4,2,16,0
44,120,64,2,2,16,0
44,122,66,2,2,16,0
44,124,67,4,2,16,0
44,128,66,4,2,16,0
44,132,64,4,2,16,0
44,136,62,4,2,16,1
45,12,71,4,2,16,0
45,16,71,4,2,16,0
45,20,71,4,2,16,0
45,24,78,4,2,16,0
45,28,76,4,2,16,0
45,32,78,2,2,16,0
45,34,76,2,2,16,0
45,36,74,4,2,16,0
45,40,73,4,2,16,1
45,44,71,2,2,16,0
45,46,73,2,2,16,0
45,48,74,4,2,16,0
45,52,73,4,2,16,0
45,56,74,2,2,16,0
45,58,76,2,2,16,0
45,60,78,4,2,16,0
45,64,76,4,2,16,0
45,68,74,4,2,16,0
45,72,73,4,2,16,1
45,76,74,2,2,16,0
45,78,73,2,2,16,0
45,80,71,4,2,16,0
45,84,71,4,2,16,0
45,88,76,6,2,16,0
45,94,74,2,2,16,0
45,96,73,2,2,16,0
45,98,74,1,2,16,0
45,99,76,1,2,16,0
45,100,74,2,2,16,0
45,102,73,2,2,16,0
45,104,71,8,2,16,0
45,112,69,4,2,16,1
45,116,69,4,2,16,0
45,120,74,4,2,16,0
45,124,73,4,2,16,0
45,128,74,2,2,16,0
45,130,76,2,2,16,0
45,132,78,4,2,16,0
45,136,76,4,2,16,0
45,140,74,4,2,16,0
45,144,73,4,2,16,1
45,148,71,2,2,16,0
45,150,73,2,2,16,0
45,152,74,4,2,16,0
45,156,73,4,2,16,0
45,160,74,2,2,16,0
45,162,76,2,2,16,0
45,164,78,4,2,16,0
45,168,76,4,2,16,0
45,172,74,4,2,16,0
45,176,73,4,2,16,1
45,180,78,4,2,16,0
45,184,78,4,2,16,0
45,188,78,4,2,16,0
45,192,76,6,2,16,0
45,198,74,2,2,16,0
45,200,73,4,2,16,0
45,204,74,2,2,16,0
45,206,76,2,2,16,0
45,208,73,8,2,16,0
45,216,71,4,2,16,1
47,12,69,4,-1,16,0
47,16,69,4,-1,16,0
47,20,65,4,-1,16,0
47,24,67,4,-1,16,0
47,28,69,4,-1,16,0
47,32,65,4,-1,16,0
47,36,64,4,-1,16,0
47,40,62,4,-1,16,1
47,44,69,4,-1,16,0
47,48,69,4,-1,16,0
47,52,67,4,-1,16,0
47,56,72,4,-1,16,0
47,60,69,4,-1,16,0
47,64,65,4,-1,16,0
47,68,67,4,-1,16,0
47,72,69,4,-1,16,1
47,76,69,2,-1,16,0
47,78,71,2,-1,16,0
47,80,72,4,-1,16,0
47,84,74,2,-1,16,0
47,86,76,2,-1,16,0
47,88,77,4,-1,16,0
47,92,76,4,-1,16,0
47,96,74,4,-1,16,0
47,100,73,4,-1,16,0
47,104,74,4,-1,16,1
47,108,74,4,-1,16,0
47,112,76,4,-1,16,0
47,116,74,4,-1,16,0
47,120,72,4,-1,16,0
47,124,71,4,-1,16,0
47,128,69,4,-1,16,0
47,132,68,4,-1,16,0
47,136,69,4,-1,16,1
47,140,74,4,-1,16,0
47,144,60,4,-1,16,0
47,148,71,4,-1,16,0
47,152,60,4,-1,16,0
47,156,69,4,-1,16,0
47,160,69,4,-1,16,0
47,164,67,4,-1,16,0
47,168,65,4,-1,16,1
47,172,69,4,-1,16,0
47,176,70,4,-1,16,0
47,180,69,4,-1,16,0
47,184,65,4,-1,16,0
47,188,67,4,-1,16,0
47,192,65,4,-1,16,0
47,196,64,4,-1,16,0
47,200,62,4,-1,16,1
50,12,69,4,-1,16,0
50,16,65,4,-1,16,0
50,20,67,4,-1,16,0
50,24,69,2,-1,16,0
50,26,70,2,-1,16,0
50,28,72,4,-1,16,0
50,32,70,8,-1,16,0
50,40,69,4,-1,16,1
50,44,69,2,-1,16,0
50,46,70,2,-1,16,0
50,48,72,4,-1,16,0
50,52,72,4,-1,16,0
50,56,67,4,-1,16,0
50,60,69,2,-1,16,0
50,62,67,2,-1,16,0
50,64,65,8,-1,16,0
50,72,64,4,-1,16,1
50,76,60,4,-1,16,0
50,80,65,4,-1,16,0
50,84,67,4,-1,16,0
50,88,69,2,-1,16,0
50,90,70,1,-1,16,0
50,91,72,1,-1,16,0
50,92,70,2,-1,16,0
50,94,69,2,-1,16,0
50,96,67,12,-1,16,1
50,108,69,4,-1,16,0
50,112,65,4,-1,16,0
50,116,67,4,-1,16,0
50,120,69,2,-1,16,0
50,122,70,2,-1,16,0
50,124,72,4,-1,16,0
50,128,70,8,-1,16,0
50,136,69,4,-1,16,1
50,140,69,2,-1,16,0
50,142,70,2,-1,16,0
50,144,72,4,-1,16,0
50,148,72,4,-1,16,0
50,152,67,4,-1,16,0
50,156,69,2,-1,16,0
50,158,67,2,-1,16,0
50,160,65,8,-1,16,0
50,168,64,4,-1,16,1
50,172,60,4,-1,16,0
50,176,65,4,-1,16,0
50,180,67,4,-1,16,0
50,184,69,4,-1,16,0
50,188,67,2,-1,16,0
50,190,69,1,-1,16,0
50,191,70,1,-1,16,0
50,192,69,4,-1,16,0
50,196,67,4,-1,16,0
50,200,65,4,-1,16,1
52,12,69,4,3,16,0
52,16,64,4,3,16,0
52,20,66,4,3,16,0
52,24,68,4,3,16,0
52,28,69,4,3,16,0
52,32,71,4,3,16,0
52,36,73,2,3,16,0
52,38,71,2,3,16,0
52,40,69,4,3,16,1
52,44,73,2,3,16,0
52,46,74,2,3,16,0
52,48,76,4,3,16,0
52,52,76,2,3,16,0
52,54,74,2,3,16,0
52,56,73,2,3,16,0
52,58,74,2,3,16,0
52,60,76,4,3,16,0
52,64,74,8,3,16,0
52,72,73,4,3,16,1
52,76,73,4,3,16,0
52,80,74,4,3,16,0
52,84,73,4,3,16,0
52,88,71,4,3,16,0
52,92,69,2,3,16,0
52,94,71,2,3,16,0
52,96,73,4,3,16,0
52,100,73,4,3,16,0
52,104,69,4,3,16,1
52,108,73,2,3,16,0
52,110,74,2,3,16,0
52,112,76,4,3,16,0
52,116,76,4,3,16,0
52,120,73,2,3,16,0
52,122,74,2,3,16,0
52,124,76,4,3,16,0
52,128,74,8,3,16,0
52,136,73,4,3,16,1
52,140,73,4,3,16,0
52,144,74,4,3,16,0
52,148,73,4,3,16,0
52,152,71,4,3,16,0
52,156,69,2,3,16,0
52,158,71,2,3,16,0
52,160,73,4,3,16,0
52,164,73,4,3,16,0
52,168,69,4,3,16,1
52,172,71,4,3,16,0
52,176,73,4,3,16,0
52,180,73,4,3,16,0
52,184,66,4,3,16,0
52,188,68,4,3,16,0
52,192,69,2,3,16,0
52,194,68,2,3,16,0
52,196,66,4,3,16,0
52,200,64,4,3,16,1
52,204,64,4,3,16,0
52,208,69,4,3,16,0
52,212,71,4,3,16,0
52,216,73,4,3,16,0
52,220,71,2,3,16,0
52,222,73,2,3,16,0
52,224,74,4,3,16,0
52,228,73,4,3,16,0
52,232,71,8,3,16,0
52,240,69,12,3,16,1
53,0,67,4,-2,12,0
53,4,67,4,-2,12,0
53,8,67,4,-2,12,0
53,12,74,6,-2,12,0
53,18,72,2,-2,12,0
53,20,70,4,-2,12,0
53,24,74,4,-2,12,0
53,28,72,4,-2,12,0
53,32,70,4,-2,12,0
53,36,69,12,-2,12,1
53,48,74,4,-2,12,0
53,52,74,4,-2,12,0
53,56,76,4,-2,12,0
53,60,77,8,-2,12,0
53,68,76,4,-2,12,0
53,72,74,4,-2,12,0
53,76,73,8,-2,12,0
53,84,74,12,-2,12,1
53,96,74,4,-2,12,0
53,100,72,4,-2,12,0
53,104,69,4,-2,12,0
53,108,70,6,-2,12,0
53,114,72,2,-2,12,0
53,116,74,4,-2,12,0
53,120,72,4,-2,12,0
53,124,70,4,-2,12,0
53,128,69,4,-2,12,0
53,132,70,12,-2,12,1
53,144,77,4,-2,12,0
53,148,79,4,-2,12,0
53,152,77,4,-2,12,0
53,156,74,6,-2,12,0
53,162,72,2,-2,12,0
53,164,70,4,-2,12,0
53,168,69,4,-2,12,0
53,172,67,4,-2,12,0
53,176,66,4,-2,12,0
53,180,67,12,-2,12,1
54,12,67,4,1,16,0
54,16,74,4,1,16,0
54,20,74,4,1,16,0
54,24,74,4,1,16,0
54,28,74,4,1,16,0
54,32,76,4,1,16,0
54,36,74,2,1,16,0
54,38,72,2,1,16,0
54,40,71,4,1,16,1
54,44,69,4,1,16,0
54,48,71,2,1,16,0
54,50,73,2,1,16,0
54,52,74,4,1,16,0
54,56,76,4,1,16,0
54,60,76,4,1,16,0
54,64,74,12,1,16,1
54,76,74,4,1,16,0
54,80,74,4,1,16,0
54,84,74,4,1,16,0
54,88,74,4,1,16,0
54,92,71,2,1,16,0
54,94,72,2,1,16,0
54,96,74,4,1,16,0
54,100,72,2,1,16,0
54,102,71,2,1,16,0
54,104,69,4,1,16,1
54,108,74,4,1,16,0
54,112,72,4,1,16,0
54,116,71,4,1,16,0
54,120,69,4,1,16,0
54,124,69,4,1,16,0
54,128,67,2,1,16,0
54,130,69,2,1,16,0
54,132,71,2,1,16,0
54,134,72,2,1,16,0
54,136,74,4,1,16,1
54,140,74,4,1,16,0
54,144,72,4,1,16,0
54,148,71,2,1,16,0
54,150,69,2,1,16,0
54,152,71,4,1,16,0
54,156,69,4,1,16,0
54,160,67,12,1,16,1
55,12,71,2,2,16,0
55,14,73,2,2,16,0
55,16,74,4,2,16,0
55,20,73,4,2,16,0
55,24,71,4,2,16,1
55,28,71,2,2,16,0
55,30,73,2,2,16,0
55,32,74,4,2,16,0
55,36,73,4,2,16,0
55,40,71,4,2,16,1
55,44,78,4,2,16,0
55,48,76,4,2,16,0
55,52,74,4,2,16,0
55,56,73,4,2,16,1
55,60,73,4,2,16,0
55,64,74,4,2,16,0
55,68,74,4,2,16,0
55,72,76,4,2,16,0
55,76,76,4,2,16,0
55,80,78,4,2,16,0
55,84,78,4,2,16,0
55,88,76,4,2,16,1
55,92,74,4,2,16,0
55,96,73,8,2,16,0
55,104,71,4,2,16,1
55,108,78,4,2,16,0
55,112,76,4,2,16,0
55,116,74,4,2,16,0
55,120,73,4,2,16,1
55,124,78,4,2,16,0
55,128,76,4,2,16,0
55,132,74,4,2,16,0
55,136,73,4,2,16,1
55,140,73,4,2,16,0
55,144,74,4,2,16,0
55,148,74,4,2,16,0
55,152,76,4,2,16,0
55,156,76,4,2,16,0
55,160,78,4,2,16,0
55,164,78,4,2,16,0
55,168,76,4,2,16,0
55,172,74,4,2,16,0
55,176,73,8,2,16,0
55,184,71,4,2,16,1
57,12,76,4,0,16,0
57,16,72,2,0,16,0
57,18,71,2,0,16,0
57,20,72,4,0,16,0
57,24,71,4,0,16,1
57,28,68,4,0,16,0
57,32,69,4,0,16,0
57,36,69,4,0,16,0
57,40,68,4,0,16,1
57,44,76,4,0,16,0
57,48,76,4,0,16,0
57,52,76,4,0,16,0
57,56,77,4,0,16,0
57,60,76,2,0,16,0
57,62,74,2,0,16,0
57,64,74,8,0,16,0
57,72,72,8,0,16,1
57,80,71,4,0,16,0
57,84,72,4,0,16,0
57,88,74,4,0,16,0
57,92,76,4,0,16,0
57,96,74,4,0,16,0
57,100,72,4,0,16,0
57,104,71,8,0,16,1
57,112,69,4,0,16,0
57,116,71,4,0,16,0
57,120,72,4,0,16,0
57,124,74,2,0,16,0
57,126,76,2,0,16,0
57,128,71,8,0,16,0
57,136,69,4,0,16,1
58,12,74,4,2,16,0
58,16,73,4,2,16,0
58,20,71,4,2,16,0
58,24,69,4,2,16,0
58,28,67,2,2,16,0
58,30,66,2,2,16,0
58,32,71,4,2,16,0
58,36,71,4,2,16,0
58,40,69,4,2,16,1
58,44,74,4,2,16,0
58,48,73,4,2,16,0
58,52,71,4,2,16,0
58,56,69,4,2,16,0
58,60,67,2,2,16,0
58,62,66,2,2,16,0
58,64,71,4,2,16,0
58,68,71,4,2,16,0
58,72,69,4,2,16,1
58,76,69,4,2,16,0
58,80,71,4,2,16,0
58,84,73,4,2,16,0
58,88,74,2,2,16,0
58,90,76,2,2,16,0
58,92,78,4,2,16,0
58,96,76,2,2,16,0
58,98,74,2,2,16,0
58,100,76,4,2,16,0
58,104,74,4,2,16,1
58,108,74,4,2,16,0
58,112,74,4,2,16,0
58,116,76,4,2,16,0
58,120,74,4,2,16,0
58,124,71,2,2,16,0
58,126,73,2,2,16,0
58,128,74,4,2,16,0
58,132,74,4,2,16,0
58,136,73,4,2,16,1
58,140,73,4,2,16,0
58,144,74,4,2,16,0
58,148,76,4,2,16,0
58,152,74,4,2,16,0
58,156,71,2,2,16,0
58,158,73,2,2,16,0
58,160,74,4,2,16,0
58,164,74,4,2,16,0
58,168,73,4,2,16,1
58,172,78,4,2,16,0
58,176,79,2,2,16,0
58,178,78,2,2,16,0
58,180,76,4,2,16,0
58,184,78,2,2,16,0
58,186,76,2,2,16,0
58,188,74,4,2,16,0
58,192,74,4,2,16,0
58,196,73,4,2,16,0
58,200,74,4,2,16,1
58,204,73,4,2,16,0
58,208,74,4,2,16,0
58,212,73,4,2,16,0
58,216,71,4,2,16,0
58,220,69,4,2,16,0
58,224,69,4,2,16,0
58,228,68,4,2,16,0
58,232,69,4,2,16,1
58,236,78,4,2,16,0
58,240,76,4,2,16,0
58,244,74,4,2,16,0
58,248,73,4,2,16,1
58,252,78,4,2,16,0
58,256,79,2,2,16,0
58,258,78,2,2,16,0
58,260,76,4,2,16,0
58,264,78,2,2,16,0
58,266,76,2,2,16,0
58,268,74,4,2,16,0
58,272,74,4,2,16,0
58,276,73,4,2,16,0
58,280,74,4,2,16,1
58,284,74,4,2,16,0
58,288,74,4,2,16,0
58,292,74,4,2,16,0
58,296,76,4,2,16,0
58,300,74,4,2,16,0
58,304,74,4,2,16,0
58,308,73,4,2,16,0
58,312,74,4,2,16,1
59,12,67,4,-2,16,0
59,16,67,4,-2,16,0
59,20,67,4,-2,16,0
59,24,66,4,-2,16,0
59,28,62,4,-2,16,0
59,32,67,4,-2,16,0
59,36,69,4,-2,16,0
59,40,70,4,-2,16,0
59,44,70,4,-2,16,0
59,48,72,4,-2,16,0
59,52,70,4,-2,16,0
59,56,69,4,-2,16,1
59,60,69,4,-2,16,0
59,64,70,4,-2,16,0
59,68,72,4,-2,16,0
59,72,74,2,-2,16,0
59,74,72,2,-2,16,0
59,76,70,4,-2,16,0
59,80,75,4,-2,16,0
59,84,75,4,-2,16,0
59,88,74,4,-2,16,0
59,92,73,2,-2,16,0
59,94,72,2,-2,16,0
59,96,72,8,-2,16,0
59,104,70,4,-2,16,1
59,108,70,4,-2,16,0
59,112,69,4,-2,16,0
59,116,67,4,-2,16,0
59,120,65,4,-2,16,0
59,124,62,2,-2,16,0
59,126,63,2,-2,16,0
59,128,65,4,-2,16,0
59,132,65,4,-2,16,0
59,136,67,4,-2,16,0
59,140,65,4,-2,16,0
59,144,63,8,-2,16,0
59,152,62,4,-2,16,1
59,156,74,4,-2,16,0
59,160,72,4,-2,16,0
59,164,70,2,-2,16,0
59,166,69,2,-2,16,0
59,168,69,8,-2,16,0
59,176,67,12,-2,16,1
60,12,66,2,2,16,0
60,14,67,2,2,16,0
60,16,69,4,2,16,0
60,20,71,4,2,16,0
60,24,69,4,2,16,0
60,28,67,2,2,16,0
60,30,66,2,2,16,0
60,32,66,8,2,16,1
60,44,69,4,2,16,0
60,48,71,4,2,16,0
60,52,73,4,2,16,0
60,56,74,4,2,16,0
60,60,74,2,2,16,0
60,62,73,2,2,16,0
60,64,73,8,2,16,0
60,72,71,4,2,16,1
60,76,76,2,2,16,0
60,78,74,2,2,16,0
60,80,73,4,2,16,0
60,84,74,2,2,16,0
60,86,73,2,2,16,0
60,88,71,6,2,16,0
60,94,69,2,2,16,0
60,96,69,12,2,16,1
60,108,69,4,2,16,0
60,112,71,4,2,16,0
60,116,73,4,2,16,0
60,120,74,6,2,16,0
60,126,76,2,2,16,0
60,128,73,12,2,16,1
60,140,69,4,2,16,0
60,144,69,4,2,16,0
60,148,71,4,2,16,0
60,152,69,4,2,16,0
60,156,67,2,2,16,0
60,158,66,2,2,16,0
60,160,66,12,2,16,1
60,172,69,4,2,16,0
60,176,71,2,2,16,0
60,178,73,2,2,16,0
60,180,74,4,2,16,0
60,184,74,4,2,16,0
60,188,73,4,2,16,0
60,192,74,12,2,16,1
61,0,67,4,-3,16,0
61,4,65,4,-3,16,0
61,8,63,4,-3,16,0
61,12,65,4,-3,16,0
61,16,67,4,-3,16,0
61,20,68,4,-3,16,0
61,24,70,8,-3,16,1
61,32,72,4,-3,16,0
61,36,70,4,-3,16,0
61,40,68,4,-3,16,0
61,44,67,2,-3,16,0
61,46,65,2,-3,16,0
61,48,65,8,-3,16,0
61,56,63,8,-3,16,1
61,64,67,4,-3,16,0
61,68,70,4,-3,16,0
61,72,68,4,-3,16,0
61,76,67,4,-3,16,0
61,80,65,4,-3,16,0
61,84,63,4,-3,16,0
61,88,62,8,-3,16,1
61,96,63,4,-3,16,0
61,100,65,4,-3,16,0
61,104,67,4,-3,16,0
61,108,67,4,-3,16,0
61,112,68,8,-3,16,0
61,120,67,8,-3,16,1
61,128,67,4,-3,16,0
61,132,68,4,-3,16,0
61,136,70,4,-3,16,0
61,140,68,4,-3,16,0
61,144,67,4,-3,16,0
61,148,65,4,-3,16,0
61,152,67,8,-3,16,1
61,160,65,4,-3,16,0
61,164,65,4,-3,16,0
61,168,67,2,-3,16,0
61,170,69,2,-3,16,0
61,172,70,4,-3,16,0
61,176,70,4,-3,16,0
61,180,69,4,-3,16,0
61,184,70,8,-3,16,1
61,192,70,4,-3,16,0
61,196,67,4,-3,16,0
61,200,72,4,-3,16,0
61,204,70,4,-3,16,0
61,208,68,4,-3,16,0
61,212,67,4,-3,16,0
61,216,65,8,-3,16,1
61,224,67,2,-3,16,0
61,226,68,2,-3,16,0
61,228,70,4,-3,16,0
61,232,68,4,-3,16,0
61,236,67,2,-3,16,0
61,238,65,2,-3,16,0
61,240,65,8,-3,16,0
61,248,63,8,-3,16,1
62,12,66,4,2,16,0
62,16,71,4,2,16,0
62,20,73,4,2,16,0
62,24,74,4,2,16,0
62,28,73,4,2,16,0
62,32,71,4,2,16,0
62,36,73,2,2,16,0
62,38,71,2,2,16,0
62,40,70,4,2,16,0
62,44,66,4,2,16,1
62,52,69,4,2,16,0
62,56,69,4,2,16,0
62,60,67,4,2,16,0
62,64,66,4,2,16,0
62,68,71,4,2,16,0
62,72,71,4,2,16,0
62,76,70,4,2,16,0
62,80,71,12,2,16,1
62,172,73,4,2,16,0
62,176,74,4,2,16,0
62,180,76,4,2,16,0
62,184,78,4,2,16,0
62,188,78,4,2,16,0
62,192,76,6,2,16,0
62,198,74,2,2,16,0
62,200,74,4,2,16,1
62,204,78,4,2,16,0
62,208,76,4,2,16,0
62,212,74,4,2,16,0
62,216,73,4,2,16,0
62,220,71,2,2,16,0
62,222,73,2,2,16,0
62,224,74,4,2,16,0
62,228,73,4,2,16,0
62,232,71,4,2,16,1
63,12,73,4,3,16,0
63,16,69,4,3,16,0
63,20,71,4,3,16,0
63,24,73,2,3,16,0
63,26,74,2,3,16,0
63,28,76,4,3,16,0
63,32,74,8,3,16,0
63,40,73,4,3,16,1
63,44,73,4,3,16,0
63,48,76,4,3,16,0
63,52,76,4,3,16,0
63,56,71,4,3,16,0
63,60,74,2,3,16,0
63,62,73,2,3,16,0
63,64,69,8,3,16,0
63,72,68,4,3,16,1
63,76,64,4,3,16,0
63,80,69,4,3,16,0
63,84,71,4,3,16,0
63,88,73,2,3,16,0
63,90,74,1,3,16,0
63,91,76,1,3,16,0
63,92,74,2,3,16,0
63,94,73,2,3,16,0
63,96,71,12,3,16,1
63,108,73,4,3,16,0
63,112,69,4,3,16,0
63,116,71,4,3,16,0
63,120,73,2,3,16,0
63,122,74,2,3,16,0
63,124,76,4,3,16,0
63,128,74,8,3,16,0
63,136,73,4,3,16,1
63,140,73,2,3,16,0
63,142,74,2,3,16,0
63,144,76,4,3,16,0
63,148,76,4,3,16,0
63,152,71,4,3,16,0
63,156,73,4,3,16,0
63,160,69,8,3,16,0
63,168,68,4,3,16,1
63,172,64,4,3,16,0
63,176,69,4,3,16,0
63,180,71,4,3,16,0
63,184,73,2,3,16,0
63,186,74,2,3,16,0
63,188,76,2,3,16,0
63,190,74,2,3,16,0
63,192,73,4,3,16,0
63,196,71,4,3,16,0
63,200,69,4,3,16,1
65,12,62,4,1,16,0
65,16,67,4,1,16,0
65,20,69,4,1,16,0
65,24,71,4,1,16,0
65,28,76,4,1,16,0
65,32,74,6,1,16,0
65,38,72,2,1,16,0
65,40,71,4,1,16,1
65,44,76,4,1,16,0
65,48,74,4,1,16,0
65,52,72,4,1,16,0
65,56,71,4,1,16,0
65,60,72,2,1,16,0
65,62,74,2,1,16,0
65,64,69,8,1,16,0
65,72,67,4,1,16,1
65,76,74,4,1,16,0
65,80,76,4,1,16,0
65,84,76,4,1,16,0
65,88,69,4,1,16,1
65,92,69,4,1,16,0
65,96,74,4,1,16,0
65,100,74,4,1,16,0
65,104,67,4,1,16,1
65,108,71,4,1,16,0
65,112,69,4,1,16,0
65,116,67,4,1,16,0
65,120,66,4,1,16,0
65,124,67,2,1,16,0
65,126,66,2,1,16,0
65,128,64,8,1,16,0
65,136,62,4,1,16,1
65,140,74,4,1,16,0
65,144,72,4,1,16,0
65,148,71,4,1,16,0
65,152,69,4,1,16,0
65,156,71,2,1,16,0
65,158,72,2,1,16,0
65,160,69,8,1,16,0
65,168,67,4,1,16,1
66,12,62,2,0,16,0
66,14,64,2,0,16,0
66,16,65,4,0,16,0
66,20,67,4,0,16,0
66,24,69,4,0,16,0
66,28,67,4,0,16,0
66,32,72,4,0,16,0
66,36,71,2,0,16,0
66,38,69,2,0,16,0
66,40,69,4,0,16,1
66,44,67,4,0,16,0
66,48,72,4,0,16,0
66,52,71,4,0,16,0
66,56,69,4,0,16,0
66,60,67,4,0,16,0
66,64,65,4,0,16,0
66,68,64,4,0,16,0
66,72,62,4,0,16,1
66,76,62,4,0,16,0
66,80,67,4,0,16,0
66,84,67,4,0,16,0
66,88,64,4,0,16,0
66,92,69,4,0,16,0
66,96,69,4,0,16,0
66,100,68,4,0,16,0
66,104,69,4,0,16,1
66,108,69,4,0,16,0
66,112,74,4,0,16,0
66,116,74,4,0,16,0
66,120,76,2,0,16,0
66,122,74,2,0,16,0
66,124,72,4,0,16,0
66,128,74,2,0,16,0
66,130,72,2,0,16,0
66,132,71,4,0,16,0
66,136,69,4,0,16,1
66,140,71,4,0,16,0
66,144,72,4,0,16,0
66,148,71,4,0,16,0
66,152,69,4,0,16,0
66,156,67,4,0,16,0
66,160,69,2,0,16,0
66,162,67,2,0,16,0
66,164,65,4,0,16,0
66,168,64,4,0,16,1
66,172,62,2,0,16,0
66,174,64,2,0,16,0
66,176,65,4,0,16,0
66,180,67,4,0,16,0
66,184,69,2,0,16,0
66,186,67,2,0,16,0
66,188,65,4,0,16,0
66,192,67,2,0,16,0
66,194,65,2,0,16,0
66,196,64,4,0,16,0
66,200,62,4,0,16,1
66,204,74,4,0,16,0
66,208,74,4,0,16,0
66,212,74,4,0,16,0
66,216,76,4,0,16,0
66,220,74,4,0,16,0
66,224,72,4,0,16,0
66,228,71,4,0,16,0
66,232,69,4,0,16,1
67,0,70,4,-2,16,0
67,4,72,4,-2,16,0
67,8,74,4,-2,16,0
67,12,72,4,-2,16,0
67,16,70,4,-2,16,0
67,20,69,4,-2,16,0
67,24,67,4,-2,16,0
67,28,65,4,-2,16,1
67,32,70,4,-2,16,0
67,36,72,4,-2,16,0
67,40,74,4,-2,16,0
67,44,75,4,-2,16,0
67,48,74,4,-2,16,0
67,52,72,4,-2,16,0
67,56,70,8,-2,16,1
67,64,74,4,-2,16,0
67,68,75,4,-2,16,0
67,72,77,4,-2,16,0
67,76,75,4,-2,16,0
67,80,74,4,-2,16,0
67,84,72,4,-2,16,0
67,88,74,8,-2,16,1
67,96,77,4,-2,16,0
67,100,77,4,-2,16,0
67,104,79,4,-2,16,0
67,108,77,4,-2,16,0
67,112,75,4,-2,16,0
67,116,74,4,-2,16,0
67,120,72,8,-2,16,1
67,128,74,2,-2,16,0
67,130,75,2,-2,16,0
67,132,77,4,-2,16,0
67,136,75,4,-2,16,0
67,140,74,2,-2,16,0
67,142,72,2,-2,16,0
67,144,70,4,-2,16,0
67,148,72,4,-2,16,0
67,152,74,8,-2,16,0
67,160,70,8,-2,16,1
67,168,74,2,-2,16,0
67,170,75,2,-2,16,0
67,172,77,4,-2,16,0
67,176,75,4,-2,16,0
67,180,74,4,-2,16,0
67,184,72,4,-2,16,0
67,188,74,4,-2,16,0
67,192,72,8,-2,16,0
67,200,70,8,-2,16,1
68,12,65,4,-1,16,0
68,16,65,4,-1,16,0
68,20,67,4,-1,16,0
68,24,69,4,-1,16,0
68,28,67,2,-1,16,0
68,30,69,2,-1,16,0
68,32,70,4,-1,16,0
68,36,69,4,-1,16,0
68,40,67,6,-1,16,0
68,46,67,2,-1,16,0
68,48,65,8,-1,16,1
68,60,69,4,-1,16,0
68,64,70,4,-1,16,0
68,68,69,4,-1,16,0
68,72,67,4,-1,16,0
68,76,65,4,-1,16,0
68,80,64,4,-1,16,0
68,84,65,4,-1,16,0
68,88,67,4,-1,16,1
68,92,72,4,-1,16,0
68,96,70,4,-1,16,0
68,100,69,4,-1,16,0
68,104,67,2,-1,16,0
68,106,65,2,-1,16,0
68,108,64,4,-1,16,0
68,112,65,4,-1,16,0
68,116,62,4,-1,16,0
68,120,60,4,-1,16,1
68,124,69,4,-1,16,0
68,128,70,4,-1,16,0
68,132,69,4,-1,16,0
68,136,67,4,-1,16,0
68,140,65,4,-1,16,0
68,144,69,4,-1,16,0
68,148,67,4,-1,16,0
68,152,65,4,-1,16,1
69,12,77,4,-2,16,0
69,16,79,4,-2,16,0
69,20,77,2,-2,16,0
69,22,75,2,-2,16,0
69,24,74,2,-2,16,0
69,26,75,2,-2,16,0
69,28,77,4,-2,16,0
69,32,72,8,-2,16,1
69,40,74,4,-2,16,0
69,44,76,4,-2,16,0
69,48,77,8,-2,16,1
69,60,77,4,-2,16,0
69,64,79,4,-2,16,0
69,68,77,4,-2,16,0
69,72,72,2,-2,16,0
69,74,74,2,-2,16,0
69,76,75,4,-2,16,0
69,80,74,4,-2,16,0
69,84,72,4,-2,16,0
69,88,70,4,-2,16,1
69,92,70,4,-2,16,0
69,96,72,2,-2,16,0
69,98,74,2,-2,16,0
69,100,75,4,-2,16,0
69,104,74,2,-2,16,0
69,106,75,2,-2,16,0
69,108,77,8,-2,16,0
69,116,72,4,-2,16,0
69,120,70,2,-2,16,0
69,122,69,2,-2,16,0
69,124,65,8,-2,16,0
69,136,70,4,-2,16,1
69,140,72,4,-2,16,0
69,144,74,2,-2,16,0
69,146,75,2,-2,16,0
69,148,77,8,-2,16,0
69,156,75,4,-2,16,0
69,160,74,4,-2,16,0
69,164,74,8,-2,16,0
69,176,74,2,-2,16,1
69,178,77,4,-2,16,0
69,182,79,4,-2,16,0
69,186,77,4,-2,16,0
69,190,74,4,-2,16,0
69,194,76,4,-2,16,0
69,198,77,4,-2,16,0
69,202,79,4,-2,16,0
69,206,77,4,-2,16,0
69,210,72,2,-2,16,0
69,212,74,2,-2,16,0
69,214,74,4,-2,16,0
69,218,72,4,-2,16,1
69,222,70,4,-2,16,0
69,226,72,2,-2,16,0
69,228,74,2,-2,16,0
69,230,75,4,-2,16,0
69,234,74,2,-2,16,0
69,236,75,2,-2,16,0
69,238,77,8,-2,16,0
69,246,72,4,-2,16,0
69,250,70,2,-2,16,1
69,252,69,2,-2,16,0
69,254,65,8,-2,16,0
69,266,70,4,-2,16,0
69,270,72,4,-2,16,0
69,274,74,2,-2,16,0
69,276,75,2,-2,16,0
69,278,77,8,-2,16,0
69,286,75,4,-2,16,0
69,290,74,4,-2,16,1
69,294,67,4,-2,16,0
69,298,69,4,-2,16,0
69,302,70,4,-2,16,0
69,306,74,4,-2,16,0
69,310,70,4,-2,16,0
69,314,65,4,-2,16,0
69,318,72,2,-2,16,0
69,320,74,1,-2,16,0
69,321,75,1,-2,16,0
69,322,72,8,-2,16,0
69,330,70,4,-2,16,1
70,12,67,4,0,16,0
70,16,67,4,0,16,0
70,20,67,4,0,16,0
70,24,69,8,0,16,0
70,32,67,8,0,16,1
70,40,72,4,0,16,0
70,44,74,4,0,16,0
70,48,72,4,0,16,0
70,52,71,4,0,16,0
70,56,69,8,0,16,0
70,64,67,8,0,16,1
70,72,69,2,0,16,0
70,74,71,2,0,16,0
70,76,72,4,0,16,0
70,80,67,2,0,16,0
70,82,65,2,0,16,0
70,84,64,4,0,16,0
70,88,65,4,0,16,0
70,92,64,4,0,16,0
70,96,62,8,0,16,0
70,104,60,4,0,16,1
70,108,67,4,0,16,0
70,112,67,4,0,16,0
70,116,67,4,0,16,0
70,120,69,6,0,16,0
70,126,67,2,0,16,0
70,128,66,2,0,16,0
70,130,67,2,0,16,0
70,132,69,4,0,16,0
70,136,67,8,0,16,1
70,144,67,4,0,16,0
70,148,67,4,0,16,0
70,152,69,4,0,16,0
70,156,71,4,0,16,0
70,160,72,4,0,16,0
70,164,71,4,0,16,0
70,168,69,4,0,16,0
70,172,69,4,0,16,0
70,176,67,8,0,16,1
70,184,71,4,0,16,0
70,188,72,4,0,16,0
70,192,74,4,0,16,0
70,196,74,4,0,16,0
70,200,74,4,0,16,0
70,204,69,4,0,16,0
70,208,67,4,0,16,0
70,212,64,4,0,16,0
70,216,62,8,0,16,1
70,224,64,4,0,16,0
70,228,66,4,0,16,0
70,232,67,2,0,16,0
70,234,65,2,0,16,0
70,236,64,4,0,16,0
70,240,66,8,0,16,0
70,248,67,8,0,16,1
70,256,62,2,0,16,0
70,258,64,2,0,16,0
70,260,65,4,0,16,0
70,264,64,4,0,16,0
70,268,62,4,0,16,0
70,272,64,4,0,16,0
70,276,62,4,0,16,0
70,280,60,8,0,16,1
70,292,67,4,0,16,0
70,296,67,4,0,16,0
70,300,67,4,0,16,0
70,304,69,6,0,16,0
70,310,67,2,0,16,0
70,312,66,2,0,16,0
70,314,67,2,0,16,0
70,316,69,4,0,16,0
70,320,67,12,0,16,1
71,12,74,4,-2,16,0
71,16,72,1,-2,16,0
71,17,70,3,-2,16,0
71,20,69,2,-2,16,0
71,22,70,1,-2,16,0
71,23,72,1,-2,16,0
71,24,70,2,-2,16,0
71,26,69,2,-2,16,0
71,28,67,2,-2,16,0
71,30,69,2,-2,16,0
71,32,70,3,-2,16,0
71,35,72,1,-2,16,0
71,36,72,4,-2,16,0
71,40,74,4,-2,16,1
71,44,74,2,-2,16,0
71,46,75,2,-2,16,0
71,48,77,2,-2,16,0
71,50,75,2,-2,16,0
71,52,74,2,-2,16,0
71,54,72,2,-2,16,0
71,56,70,4,-2,16,0
71,60,72,2,-2,16,0
71,62,74,2,-2,16,0
71,64,75,8,-2,16,0
71,72,74,4,-2,16,1
71,76,77,4,-2,16,0
71,80,79,4,-2,16,0
71,84,77,2,-2,16,0
71,86,75,2,-2,16,0
71,88,74,2,-2,16,0
71,90,72,2,-2,16,0
71,92,70,2,-2,16,0
71,94,72,2,-2,16,0
71,96,74,2,-2,16,0
71,98,75,2,-2,16,0
71,100,72,4,-2,16,0
71,104,70,4,-2,16,1
71,108,74,4,-2,16,0
71,112,74,4,-2,16,0
71,116,74,4,-2,16,0
71,120,72,4,-2,16,0
71,124,70,2,-2,16,0
71,126,69,2,-2,16,0
71,128,69,8,-2,16,0
71,136,67,8,-2,16,1
71,144,70,4,-2,16,0
71,148,69,4,-2,16,0
71,152,67,8,-2,16,0
71,160,65,4,-2,16,1
71,164,65,4,-2,16,0
71,168,70,4,-2,16,0
71,172,70,4,-2,16,0
71,176,72,4,-2,16,0
71,180,72,4,-2,16,0
71,184,74,4,-2,16,1
71,188,75,4,-2,16,0
71,192,74,4,-2,16,0
71,196,72,4,-2,16,0
71,200,70,2,-2,16,0
71,202,69,2,-2,16,0
71,204,67,2,-2,16,0
71,206,69,2,-2,16,0
71,208,70,4,-2,16,0
71,212,69,4,-2,16,0
71,216,67,4,-2,16,1
73,12,67,4,-2,16,0
73,16,67,4,-2,16,0
73,20,66,4,-2,16,0
73,24,67,4,-2,16,0
73,28,69,4,-2,16,0
73,32,70,4,-2,16,0
73,36,69,4,-2,16,0
73,40,67,4,-2,16,1
73,44,67,4,-2,16,0
73,48,69,4,-2,16,0
73,52,69,4,-2,16,0
73,56,74,4,-2,16,0
73,60,72,4,-2,16,0
73,64,70,8,-2,16,0
73,72,69,4,-2,16,1
73,76,74,4,-2,16,0
73,80,72,4,-2,16,0
73,84,70,4,-2,16,0
73,88,69,2,-2,16,0
73,90,70,2,-2,16,0
73,92,72,4,-2,16,0
73,96,70,4,-2,16,0
73,100,69,4,-2,16,0
73,104,67,4,-2,16,1
73,108,70,4,-2,16,0
73,112,69,4,-2,16,0
73,116,67,4,-2,16,0
73,120,65,2,-2,16,0
73,122,64,2,-2,16,0
73,124,74,2,-2,16,0
73,126,64,2,-2,16,0
73,128,65,4,-2,16,0
73,132,67,4,-2,16,0
73,136,69,4,-2,16,1
73,140,69,4,-2,16,0
73,144,70,4,-2,16,0
73,148,72,4,-2,16,0
73,152,74,6,-2,16,0
73,158,72,2,-2,16,0
73,160,70,4,-2,16,0
73,164,72,2,-2,16,0
73,166,70,2,-2,16,0
73,168,69,8,-2,16,0
73,176,67,12,-2,16,1
118,12,70,4,-2,16,0
118,16,70,4,-2,16,0
118,20,77,4,-2,16,0
118,24,77,4,-2,16,0
118,28,75,2,-2,16,0
118,30,74,2,-2,16,0
118,32,72,4,-2,16,0
118,36,74,4,-2,16,0
118,40,75,2,-2,16,0
118,42,74,2,-2,16,0
118,44,72,4,-2,16,0
118,48,70,4,-2,16,1
118,52,70,4,-2,16,0
118,56,72,4,-2,16,0
118,60,74,4,-2,16,0
118,64,75,4,-2,16,0
118,68,72,4,-2,16,0
118,72,77,4,-2,16,0
118,76,79,4,-2,16,0
118,80,77,4,-2,16,1
118,84,74,4,-2,16,0
118,88,74,2,-2,16,0
118,90,75,2,-2,16,0
118,92,77,4,-2,16,0
118,96,75,4,-2,16,0
118,100,74,2,-2,16,0
118,102,72,2,-2,16,0
118,104,70,2,-2,16,0
118,106,72,2,-2,16,0
118,108,74,2,-2,16,0
118,110,72,2,-2,16,0
118,112,72,4,-2,16,1
118,116,74,4,-2,16,0
118,120,70,2,-2,16,0
118,122,72,2,-2,16,0
118,124,74,4,-2,16,0
118,128,75,4,-2,16,1
118,132,74,4,-2,16,0
118,136,72,4,-2,16,0
118,140,74,4,-2,16,0
118,144,75,4,-2,16,1
118,148,74,4,-2,16,0
118,152,72,4,-2,16,0
118,156,70,4,-2,16,0
118,160,77,6,-2,16,0
118,166,75,2,-2,16,0
118,168,74,4,-2,16,0
118,172,75,2,-2,16,0
118,174,74,2,-2,16,0
118,176,72,8,-2,16,0
118,184,70,4,-2,16,1
119,12,65,2,-3,16,0
119,14,67,2,-3,16,0
119,16,68,4,-3,16,0
119,20,70,4,-3,16,0
119,24,72,4,-3,16,0
119,28,70,4,-3,16,0
119,32,75,4,-3,16,0
119,36,74,2,-3,16,0
119,38,72,2,-3,16,0
119,40,72,4,-3,16,1
119,44,70,4,-3,16,0
119,48,75,4,-3,16,0
119,52,74,4,-3,16,0
119,56,72,4,-3,16,0
119,60,70,4,-3,16,0
119,64,68,4,-3,16,0
119,68,67,4,-3,16,0
119,72,65,4,-3,16,1
119,76,65,2,-3,16,0
119,78,67,2,-3,16,0
119,80,68,4,-3,16,0
119,84,70,4,-3,16,0
119,88,72,4,-3,16,0
119,92,70,4,-3,16,0
119,96,75,4,-3,16,0
119,100,74,2,-3,16,0
119,102,72,2,-3,16,0
119,104,72,4,-3,16,1
119,108,70,4,-3,16,0
119,112,75,4,-3,16,0
119,116,74,4,-3,16,0
119,120,72,4,-3,16,0
119,124,70,4,-3,16,0
119,128,68,4,-3,16,0
119,132,67,4,-3,16,0
119,136,65,4,-3,16,1
119,140,65,4,-3,16,0
119,144,70,4,-3,16,0
119,148,70,4,-3,16,0
119,152,67,4,-3,16,0
119,156,72,4,-3,16,0
119,160,72,4,-3,16,0
119,164,71,4,-3,16,0
119,168,72,4,-3,16,1
119,172,72,4,-3,16,0
119,176,77,4,-3,16,0
119,180,77,4,-3,16,0
119,184,79,2,-3,16,0
119,186,77,2,-3,16,0
119,188,75,4,-3,16,0
119,192,77,2,-3,16,0
119,194,72,2,-3,16,0
119,196,74,4,-3,16,0
119,200,72,4,-3,16,1
119,204,74,4,-3,16,0
119,208,75,4,-3,16,0
119,212,74,4,-3,16,0
119,216,72,4,-3,16,0
119,220,70,4,-3,16,0
119,224,72,2,-3,16,0
119,226,70,2,-3,16,0
119,228,68,4,-3,16,0
119,232,67,4,-3,16,1
119,236,65,2,-3,16,0
119,238,67,2,-3,16,0
119,240,68,4,-3,16,0
119,244,70,4,-3,16,0
119,248,72,2,-3,16,0
119,250,70,2,-3,16,0
119,252,68,4,-3,16,0
119,256,70,2,-3,16,0
119,258,68,2,-3,16,0
119,260,67,4,-3,16,0
119,264,65,4,-3,16,1
119,268,77,4,-3,16,0
119,272,77,4,-3,16,0
119,276,77,4,-3,16,0
119,280,79,4,-3,16,0
119,284,77,4,-3,16,0
119,288,75,4,-3,16,0
119,292,74,4,-3,16,0
119,296,72,4,-3,16,1
120,12,66,2,2,16,0
120,14,67,2,2,16,0
120,16,69,4,2,16,0
120,20,71,4,2,16,0
120,24,69,4,2,16,0
120,28,74,4,2,16,0
120,32,74,4,2,16,0
120,36,61,4,2,16,0
120,40,74,4,2,16,1
120,44,74,4,2,16,0
120,48,61,4,2,16,0
120,52,71,4,2,16,0
120,56,76,4,2,16,0
120,60,74,2,2,16,0
120,62,61,2,2,16,0
120,64,61,8,2,16,0
120,72,71,4,2,16,1
120,76,71,4,2,16,0
120,80,71,4,2,16,0
120,84,71,2,2,16,0
120,86,61,1,2,16,0
120,87,74,1,2,16,0
120,88,61,2,2,16,0
120,90,71,2,2,16,0
120,92,69,4,2,16,0
120,96,69,4,2,16,0
120,100,68,4,2,16,0
120,104,69,4,2,16,1
120,108,69,4,2,16,0
120,112,71,4,2,16,0
120,116,61,4,2,16,0
120,120,74,4,2,16,0
120,124,61,4,2,16,0
120,128,71,8,2,16,0
120,136,61,4,2,16,1
120,140,66,2,2,16,0
120,142,67,2,2,16,0
120,144,69,4,2,16,0
120,148,71,4,2,16,0
120,152,69,4,2,16,0
120,156,74,4,2,16,0
120,160,74,4,2,16,0
120,164,61,4,2,16,0
120,168,74,4,2,16,1
120,172,74,4,2,16,0
120,176,61,4,2,16,0
120,180,71,4,2,16,0
120,184,76,4,2,16,0
120,188,74,2,2,16,0
120,190,61,2,2,16,0
120,192,61,8,2,16,0
120,200,71,4,2,16,1
124,12,71,4,1,16,0
124,16,71,4,1,16,0
124,20,71,4,1,16,0
124,24,71,4,1,16,1
124,28,76,4,1,16,0
124,32,74,4,1,16,0
124,36,74,4,1,16,0
124,40,72,4,1,16,0
124,44,72,4,1,16,0
124,48,71,4,1,16,1
124,52,67,4,1,16,0
124,56,69,4,1,16,0
124,60,69,4,1,16,0
124,64,71,4,1,16,0
124,68,72,4,1,16,0
124,72,74,2,1,16,0
124,74,72,2,1,16,0
124,76,71,4,1,16,0
124,80,69,4,1,16,0
124,84,69,4,1,16,0
124,88,67,4,1,16,1
124,92,69,4,1,16,0
124,96,69,4,1,16,0
124,100,69,4,1,16,0
124,104,69,4,1,16,1
124,108,71,2,1,16,0
124,110,69,2,1,16,0
124,112,67,4,1,16,0
124,116,67,4,1,16,0
124,120,69,4,1,16,0
124,124,67,4,1,16,0
124,128,66,8,1,16,0
124,136,66,4,1,16,1
124,140,66,4,1,16,0
124,144,67,4,1,16,0
124,148,67,4,1,16,0
124,152,69,4,1,16,0
124,156,69,4,1,16,0
124,160,71,4,1,16,0
124,164,72,4,1,16,0
124,168,74,2,1,16,0
124,170,72,2,1,16,0
124,172,71,4,1,16,0
124,176,69,8,1,16,0
124,184,67,4,1,16,1
125,12,67,2,1,16,0
125,14,69,2,1,16,0
125,16,71,4,1,16,0
125,20,72,4,1,16,0
125,24,74,4,1,16,0
125,28,72,4,1,16,0
125,32,71,4,1,16,0
125,36,69,4,1,16,0
125,40,71,4,1,16,1
125,44,71,4,1,16,0
125,48,71,4,1,16,0
125,52,69,2,1,16,0
125,54,71,2,1,16,0
125,56,72,2,1,16,0
125,58,71,2,1,16,0
125,60,69,4,1,16,0
125,64,67,4,1,16,0
125,68,69,4,1,16,0
125,72,67,4,1,16,1
125,76,67,4,1,16,0
125,80,69,4,1,16,0
125,84,71,4,1,16,0
125,88,72,4,1,16,0
125,92,71,4,1,16,0
125,96,69,4,1,16,0
125,100,71,4,1,16,0
125,104,69,4,1,16,1
125,108,69,4,1,16,0
125,112,71,4,1,16,0
125,116,72,4,1,16,0
125,120,74,4,1,16,0
125,124,72,4,1,16,0
125,128,71,4,1,16,0
125,132,69,4,1,16,0
125,136,71,4,1,16,1
125,140,71,4,1,16,0
125,144,71,4,1,16,0
125,148,69,2,1,16,0
125,150,71,2,1,16,0
125,152,72,2,1,16,0
125,154,71,2,1,16,0
125,156,69,4,1,16,0
125,160,67,2,1,16,0
125,162,64,2,1,16,0
125,164,66,4,1,16,0
125,168,67,4,1,16,1
127,12,67,4,0,16,0
127,16,67,4,0,16,0
127,20,67,4,0,16,0
127,24,67,4,0,16,0
127,28,67,4,0,16,0
127,32,67,2,0,16,0
127,34,69,2,0,16,0
127,36,71,4,0,16,0
127,40,72,4,0,16,1
127,44,72,4,0,16,0
127,48,74,4,0,16,0
127,52,74,4,0,16,0
127,56,72,4,0,16,0
127,60,67,4,0,16,0
127,64,67,2,0,16,0
127,66,69,2,0,16,0
127,68,71,4,0,16,0
127,72,72,4,0,16,1
127,76,72,4,0,16,0
127,80,74,4,0,16,0
127,84,74,4,0,16,0
127,88,72,4,0,16,0
127,92,67,4,0,16,0
127,96,69,4,0,16,0
127,100,67,4,0,16,0
127,104,65,4,0,16,1
127,108,67,4,0,16,0
127,112,69,4,0,16,0
127,116,71,4,0,16,0
127,120,72,8,0,16,1
127,128,70,2,0,16,0
127,130,69,2,0,16,0
127,132,67,2,0,16,0
127,134,69,2,0,16,0
127,136,71,4,0,16,1
127,140,69,4,0,16,0
127,144,67,4,0,16,0
127,148,67,4,0,16,0
127,152,67,8,0,16,1
135,0,69,4,2,16,0
135,4,69,4,2,16,0
135,8,71,4,2,16,0
135,12,73,4,2,16,0
135,16,74,4,2,16,0
135,20,74,4,2,16,0
135,24,73,4,2,16,1
135,28,71,4,2,16,0
135,32,74,4,2,16,0
135,36,69,4,2,16,0
135,40,66,4,2,16,0
135,44,67,4,2,16,0
135,48,66,4,2,16,0
135,52,64,4,2,16,0
135,56,62,8,2,16,1
135,64,62,4,2,16,0
135,68,64,4,2,16,0
135,72,66,6,2,16,0
135,78,64,2,2,16,0
135,80,62,4,2,16,0
135,84,64,4,2,16,0
135,88,66,4,2,16,1
135,92,74,4,2,16,0
135,96,73,4,2,16,0
135,100,74,4,2,16,0
135,104,76,6,2,16,0
135,110,74,2,2,16,0
135,112,73,4,2,16,0
135,116,71,4,2,16,0
135,120,69,4,2,16,1
135,124,69,4,2,16,0
135,128,69,4,2,16,0
135,132,74,4,2,16,0
135,136,73,4,2,16,0
135,140,69,4,2,16,0
135,144,71,2,2,16,0
135,146,69,2,2,16,0
135,148,67,4,2,16,0
135,152,66,4,2,16,1
135,156,64,4,2,16,0
135,160,66,4,2,16,0
135,164,67,4,2,16,0
135,168,69,6,2,16,0
135,174,67,2,2,16,0
135,176,66,4,2,16,0
135,180,64,4,2,16,0
135,184,62,8,2,16,1
135,192,62,4,2,16,0
135,196,64,4,2,16,0
135,200,66,6,2,16,0
135,206,64,2,2,16,0
135,208,62,4,2,16,0
135,212,64,4,2,16,0
135,216,66,4,2,16,1
135,220,69,4,2,16,0
135,224,69,4,2,16,0
135,228,69,4,2,16,0
135,232,66,4,2,16,0
135,236,67,4,2,16,0
135,240,66,4,2,16,0
135,244,64,4,2,16,0
135,248,62,8,2,16,1
136,12,67,4,1,16,0
136,16,71,4,1,16,0
136,20,74,4,1,16,0
136,24,71,4,1,16,0
136,28,69,4,1,16,0
136,32,71,4,1,16,0
136,36,73,4,1,16,0
136,40,74,4,1,16,1
136,44,76,4,1,16,0
136,48,74,2,1,16,0
136,50,72,2,1,16,0
136,52,71,4,1,16,0
136,56,69,4,1,16,0
136,60,67,2,1,16,0
136,62,69,2,1,16,0
136,64,71,4,1,16,0
136,68,69,4,1,16,0
136,72,67,4,1,16,1
136,76,69,4,1,16,0
136,80,71,4,1,16,0
136,84,71,4,1,16,0
136,88,69,4,1,16,0
136,92,74,4,1,16,0
136,96,74,4,1,16,0
136,100,73,4,1,16,0
136,104,74,4,1,16,1
136,108,71,4,1,16,0
136,112,72,4,1,16,0
136,116,71,4,1,16,0
136,120,69,4,1,16,0
136,124,67,4,1,16,0
136,128,67,4,1,16,0
136,132,66,4,1,16,0
136,136,67,4,1,16,1
137,4,67,4,1,16,0
137,8,67,4,1,16,0
137,12,69,4,1,16,0
137,16,71,8,1,16,1
137,28,71,4,1,16,0
137,32,72,4,1,16,0
137,36,71,4,1,16,0
137,40,69,8,1,16,1
137,52,69,4,1,16,0
137,56,67,4,1,16,0
137,60,69,4,1,16,0
137,64,71,4,1,16,0
137,68,69,4,1,16,0
137,72,67,8,1,16,0
137,80,69,4,1,16,1
137,84,69,4,1,16,0
137,88,71,4,1,16,0
137,92,69,4,1,16,0
137,96,67,4,1,16,0
137,100,67,4,1,16,0
137,104,66,8,1,16,0
137,112,67,16,1,16,1
137,132,71,4,1,16,0
137,136,72,4,1,16,0
137,140,71,4,1,16,0
137,144,69,8,1,16,1
137,156,69,4,1,16,0
137,160,67,4,1,16,0
137,164,67,4,1,16,0
137,168,66,8,1,16,1
137,180,66,4,1,16,0
137,184,67,4,1,16,0
137,188,66,4,1,16,0
137,192,64,4,1,16,0
137,196,64,4,1,16,0
137,200,63,8,1,16,0
137,208,64,8,1,16,1
137,220,67,4,1,16,0
137,224,67,4,1,16,0
137,228,66,4,1,16,0
137,232,67,8,1,16,1
137,244,71,4,1,16,0
137,248,72,4,1,16,0
137,252,71,4,1,16,0
137,256,69,8,1,16,1
137,268,69,4,1,16,0
137,272,67,4,1,16,0
137,276,69,4,1,16,0
137,280,71,4,1,16,0
137,284,69,4,1,16,0
137,288,67,8,1,16,0
137,296,69,4,1,16,1
137,300,69,4,1,16,0
137,304,71,4,1,16,0
137,308,69,4,1,16,0
137,312,67,4,1,16,0
137,316,67,4,1,16,0
137,320,66,8,1,16,0
137,328,67,8,1,16,1
139,0,67,4,1,16,0
139,4,67,4,1,16,0
139,8,69,4,1,16,0
139,12,67,4,1,16,0
139,16,69,2,1,16,0
139,18,71,2,1,16,0
139,20,72,4,1,16,0
139,24,72,4,1,16,0
139,28,71,4,1,16,0
139,32,72,8,1,16,1
139,40,74,4,1,16,0
139,44,76,4,1,16,0
139,48,72,8,1,16,1
139,56,71,2,1,16,0
139,58,72,2,1,16,0
139,60,74,4,1,16,0
139,64,69,8,1,16,1
139,72,74,4,1,16,0
139,76,74,4,1,16,0
139,80,72,4,1,16,0
139,84,71,2,1,16,0
139,86,69,2,1,16,0
139,88,69,8,1,16,0
139,96,67,8,1,16,1
139,104,67,4,1,16,0
139,108,67,4,1,16,0
139,112,69,4,1,16,0
139,116,67,4,1,16,0
139,120,69,2,1,16,0
139,122,71,2,1,16,0
139,124,72,4,1,16,0
139,128,72,4,1,16,0
139,132,71,4,1,16,0
139,136,72,8,1,16,1
139,144,74,4,1,16,0
139,148,76,4,1,16,0
139,152,72,8,1,16,1
139,160,71,2,1,16,0
139,162,72,2,1,16,0
139,164,74,4,1,16,0
139,168,69,8,1,16,1
139,176,74,4,1,16,0
139,180,74,4,1,16,0
139,184,72,4,1,16,0
139,188,71,2,1,16,0
139,190,69,2,1,16,0
139,192,69,8,1,16,0
139,200,67,8,1,16,1
144,4,69,4,3,16,0
144,8,68,4,3,16,0
144,12,69,4,3,16,0
144,16,71,4,3,16,0
144,20,71,4,3,16,0
144,24,69,4,3,16,0
144,28,71,4,3,16,0
144,32,73,8,3,16,1
144,44,74,4,3,16,0
144,48,73,4,3,16,0
144,52,71,4,3,16,0
144,56,69,4,3,16,0
144,60,68,2,3,16,0
144,62,69,2,3,16,0
144,64,71,8,3,16,0
144,72,69,8,3,16,1
144,84,69,4,3,16,0
144,88,71,2,3,16,0
144,90,73,2,3,16,0
144,92,74,4,3,16,0
144,96,73,2,3,16,0
144,98,71,2,3,16,0
144,100,69,4,3,16,0
144,104,71,2,3,16,0
144,106,69,2,3,16,0
144,108,68,4,3,16,0
144,112,66,8,3,16,1
144,124,68,4,3,16,0
144,128,64,4,3,16,0
144,132,66,4,3,16,0
144,136,71,4,3,16,0
144,140,61,4,3,16,0
144,144,74,2,3,16,0
144,146,73,2,3,16,0
144,148,71,4,3,16,0
144,152,69,8,3,16,1
144,164,76,4,3,16,0
144,168,73,4,3,16,0
144,172,73,4,3,16,0
144,176,71,4,3,16,0
144,180,69,4,3,16,0
144,184,68,4,3,16,0
144,188,69,4,3,16,0
144,192,71,8,3,16,0
144,200,69,8,3,16,1
145,12,69,4,0,16,0
145,16,69,2,0,16,0
145,18,71,2,0,16,0
145,20,72,4,0,16,0
145,24,71,4,0,16,0
145,28,76,4,0,16,0
145,32,74,4,0,16,0
145,36,72,4,0,16,0
145,40,71,4,0,16,1
145,44,72,2,0,16,0
145,46,71,2,0,16,0
145,48,69,4,0,16,0
145,52,76,4,0,16,0
145,56,74,4,0,16,0
145,60,76,4,0,16,0
145,64,69,2,0,16,0
145,66,71,2,0,16,0
145,68,73,4,0,16,0
145,72,74,4,0,16,1
145,76,72,4,0,16,0
145,80,71,4,0,16,0
145,84,76,4,0,16,0
145,88,76,2,0,16,0
145,90,74,2,0,16,0
145,92,72,4,0,16,0
145,96,71,12,0,16,1
145,108,69,2,0,16,0
145,110,71,2,0,16,0
145,112,72,4,0,16,0
145,116,72,4,0,16,0
145,120,74,4,0,16,0
145,124,74,4,0,16,0
145,128,76,4,0,16,0
145,132,76,2,0,16,0
145,134,74,2,0,16,0
145,136,72,4,0,16,1
145,140,76,4,0,16,0
145,144,74,4,0,16,0
145,148,72,4,0,16,0
145,152,71,4,0,16,0
145,156,69,2,0,16,0
145,158,71,2,0,16,0
145,160,72,4,0,16,0
145,164,71,4,0,16,0
145,168,69,4,0,16,1
151,0,71,4,1,16,0
151,4,71,4,1,16,0
151,8,71,4,1,16,0
151,12,74,4,1,16,0
151,16,72,4,1,16,0
151,20,72,4,1,16,0
151,24,71,8,1,16,1
151,32,71,4,1,16,0
151,36,71,4,1,16,0
151,40,69,4,1,16,0
151,44,71,4,1,16,0
151,48,72,4,1,16,0
151,52,71,4,1,16,0
151,56,69,8,1,16,0
151,64,67,16,1,16,1
151,80,71,4,1,16,0
151,84,71,4,1,16,0
151,88,69,4,1,16,0
151,92,69,4,1,16,0
151,96,67,4,1,16,0
151,100,67,4,1,16,0
151,104,66,8,1,16,1
151,112,76,4,1,16,0
151,116,74,4,1,16,0
151,120,72,4,1,16,0
151,124,71,4,1,16,0
151,128,69,4,1,16,0
151,132,69,4,1,16,0
151,136,67,8,1,16,1
152,0,69,4,2,16,0
152,4,69,4,2,16,0
152,8,71,4,2,16,0
152,12,71,4,2,16,0
152,16,73,4,2,16,0
152,20,73,4,2,16,0
152,24,74,8,2,16,1
152,32,76,4,2,16,0
152,36,76,4,2,16,0
152,40,74,4,2,16,0
152,44,74,4,2,16,0
152,48,73,4,2,16,0
152,52,71,2,2,16,0
152,54,61,1,2,16,0
152,55,62,1,2,16,0
152,56,71,8,2,16,0
152,64,69,8,2,16,1
152,72,69,4,2,16,0
152,76,69,4,2,16,0
152,80,71,4,2,16,0
152,84,71,4,2,16,0
152,88,69,4,2,16,0
152,92,67,4,2,16,0
152,96,66,8,2,16,1
152,104,69,4,2,16,0
152,108,69,4,2,16,0
152,112,67,4,2,16,0
152,116,67,4,2,16,0
152,120,66,4,2,16,0
152,124,64,2,2,16,0
152,126,66,1,2,16,0
152,127,67,1,2,16,0
152,128,64,8,2,16,0
152,136,62,8,2,16,1
152,144,74,4,2,16,0
152,148,74,4,2,16,0
152,152,73,4,2,16,0
152,156,73,4,2,16,0
152,160,71,4,2,16,0
152,164,71,4,2,16,0
152,168,69,8,2,16,1
152,176,69,4,2,16,0
152,180,69,4,2,16,0
152,184,67,4,2,16,0
152,188,66,4,2,16,0
152,192,64,4,2,16,0
152,196,64,4,2,16,0
152,200,62,8,2,16,1
153,0,69,4,2,16,0
153,4,74,4,2,16,0
153,8,69,4,2,16,0
153,12,71,4,2,16,0
153,16,69,6,2,16,0
153,22,67,2,2,16,0
153,24,66,4,2,16,0
153,28,66,4,2,16,1
153,32,69,4,2,16,0
153,36,69,4,2,16,0
153,40,67,4,2,16,0
153,44,66,4,2,16,0
153,48,64,6,2,16,0
153,54,62,2,2,16,0
153,56,62,8,2,16,1
153,64,64,4,2,16,0
153,68,64,4,2,16,0
153,72,66,2,2,16,0
153,74,68,2,2,16,0
153,76,69,4,2,16,0
153,80,69,6,2,16,0
153,86,68,2,2,16,0
153,88,69,4,2,16,0
153,92,69,4,2,16,1
153,96,71,6,2,16,0
153,102,73,2,2,16,0
153,104,74,4,2,16,0
153,108,74,4,2,16,0
153,112,73,6,2,16,0
153,118,73,2,2,16,0
153,120,71,4,2,16,0
153,124,71,4,2,16,1
153,128,66,4,2,16,0
153,132,66,4,2,16,0
153,136,71,4,2,16,0
153,140,69,4,2,16,0
153,144,69,4,2,16,0
153,148,68,4,2,16,0
153,152,69,8,2,16,1
153,160,71,4,2,16,0
153,164,69,4,2,16,0
153,168,67,4,2,16,0
153,172,66,4,2,16,0
153,176,64,6,2,16,0
153,182,62,2,2,16,0
153,184,62,8,2,16,1
154,12,69,4,0,16,0
154,16,67,4,0,16,0
154,20,62,4,0,16,0
154,24,65,4,0,16,0
154,28,67,4,0,16,0
154,32,69,4,0,16,0
154,36,69,4,0,16,0
154,40,67,4,0,16,1
154,44,69,4,0,16,0
154,48,67,4,0,16,0
154,52,62,4,0,16,0
154,56,65,4,0,16,0
154,60,67,4,0,16,0
154,64,69,4,0,16,0
154,68,69,4,0,16,0
154,72,67,4,0,16,1
154,76,69,4,0,16,0
154,80,71,4,0,16,0
154,84,72,4,0,16,0
154,88,69,4,0,16,0
154,92,67,4,0,16,0
154,96,67,4,0,16,0
154,100,65,4,0,16,0
154,104,64,4,0,16,1
154,108,65,4,0,16,0
154,112,67,4,0,16,0
154,116,62,4,0,16,0
154,120,65,4,0,16,0
154,124,67,4,0,16,0
154,128,69,4,0,16,0
154,132,69,4,0,16,0
154,136,67,4,0,16,1
156,12,69,4,3,16,0
156,16,69,4,3,16,0
156,20,69,4,3,16,0
156,24,66,2,3,16,0
156,26,68,2,3,16,0
156,28,69,4,3,16,0
156,32,71,2,3,16,0
156,34,69,2,3,16,0
156,36,68,4,3,16,0
156,40,66,4,3,16,1
156,44,66,4,3,16,0
156,48,68,4,3,16,0
156,52,69,4,3,16,0
156,56,71,4,3,16,0
156,60,64,2,3,16,0
156,62,66,2,3,16,0
156,64,68,2,3,16,0
156,66,69,2,3,16,0
156,68,66,4,3,16,0
156,72,64,4,3,16,1
156,76,71,4,3,16,0
156,80,73,4,3,16,0
156,84,73,4,3,16,0
156,88,69,2,3,16,0
156,90,71,2,3,16,0
156,92,73,4,3,16,0
156,96,74,4,3,16,0
156,100,73,4,3,16,0
156,104,71,4,3,16,1
156,108,69,4,3,16,0
156,112,71,4,3,16,0
156,116,73,4,3,16,0
156,120,71,4,3,16,0
156,124,69,4,3,16,0
156,128,69,4,3,16,0
156,132,68,4,3,16,0
156,136,69,4,3,16,1
157,12,65,4,-1,16,0
157,16,72,4,-1,16,0
157,20,72,2,-1,16,0
157,22,70,2,-1,16,0
157,24,69,4,-1,16,0
157,28,67,4,-1,16,0
157,32,69,4,-1,16,0
157,36,71,4,-1,16,0
157,40,72,4,-1,16,1
157,44,72,4,-1,16,0
157,48,69,4,-1,16,0
157,52,72,4,-1,16,0
157,56,70,4,-1,16,0
157,60,72,4,-1,16,0
157,64,69,4,-1,16,0
157,68,67,4,-1,16,0
157,72,65,4,-1,16,1
157,76,72,4,-1,16,0
157,80,74,4,-1,16,0
157,84,74,4,-1,16,0
157,88,69,4,-1,16,0
157,92,72,4,-1,16,0
157,96,70,4,-1,16,0
157,100,70,4,-1,16,0
157,104,69,4,-1,16,1
157,108,77,4,-1,16,0
157,112,76,4,-1,16,0
157,116,74,4,-1,16,0
157,120,72,6,-1,16,0
157,126,74,2,-1,16,0
157,128,70,2,-1,16,0
157,130,69,2,-1,16,0
157,132,67,4,-1,16,0
157,136,65,4,-1,16,1
158,12,67,4,1,16,0
158,16,67,4,1,16,0
158,20,67,4,1,16,0
158,24,69,4,1,16,0
158,28,71,4,1,16,0
158,32,72,2,1,16,0
158,34,71,2,1,16,0
158,36,69,4,1,16,0
158,40,67,8,1,16,1
158,48,69,4,1,16,0
158,52,69,4,1,16,0
158,56,64,4,1,16,0
158,60,66,4,1,16,0
158,64,67,4,1,16,0
158,68,69,4,1,16,0
158,72,67,4,1,16,1
158,76,67,4,1,16,0
158,80,74,4,1,16,0
158,84,74,4,1,16,0
158,88,76,4,1,16,0
158,92,74,2,1,16,0
158,94,72,2,1,16,0
158,96,71,4,1,16,0
158,100,73,4,1,16,0
158,104,74,4,1,16,1
158,108,74,4,1,16,0
158,112,74,4,1,16,0
158,116,74,4,1,16,0
158,120,76,4,1,16,0
158,124,74,2,1,16,0
158,126,72,2,1,16,0
158,128,71,4,1,16,0
158,132,69,4,1,16,0
158,136,67,8,1,16,1
158,144,64,4,1,16,0
158,148,66,4,1,16,0
158,152,67,4,1,16,0
158,156,64,4,1,16,0
158,160,62,4,1,16,0
158,164,61,4,1,16,0
158,168,62,8,1,16,1
158,176,67,4,1,16,0
158,180,67,4,1,16,0
158,184,69,4,1,16,0
158,188,71,4,1,16,0
158,192,72,2,1,16,0
158,194,71,2,1,16,0
158,196,69,4,1,16,0
158,200,67,8,1,16,1
158,208,69,4,1,16,0
158,212,69,4,1,16,0
158,216,64,4,1,16,0
158,220,66,4,1,16,0
158,224,67,2,1,16,0
158,226,66,2,1,16,0
158,228,64,4,1,16,0
158,232,62,4,1,16,1
158,236,65,4,1,16,0
158,240,64,4,1,16,0
158,244,60,4,1,16,0
158,248,64,4,1,16,0
158,252,66,4,1,16,0
158,256,67,4,1,16,0
158,260,69,4,1,16,0
158,264,67,4,1,16,1
161,0,62,8,-1,12,0
161,8,64,4,-1,12,0
161,12,65,8,-1,12,0
161,20,67,4,-1,12,0
161,24,69,8,-1,12,0
161,32,74,4,-1,12,0
161,36,73,8,-1,12,0
161,44,73,4,-1,12,1
161,48,74,8,-1,12,0
161,56,76,4,-1,12,0
161,60,77,12,-1,12,0
161,72,65,4,-1,12,0
161,76,67,6,-1,12,0
161,82,67,2,-1,12,0
161,84,65,12,-1,12,1
161,96,67,8,-1,12,0
161,104,67,4,-1,12,0
161,108,69,8,-1,12,0
161,116,72,4,-1,12,0
161,120,70,8,-1,12,0
161,128,67,4,-1,12,0
161,132,69,8,-1,12,0
161,140,69,4,-1,12,1
161,144,72,8,-1,12,0
161,152,72,4,-1,12,0
161,156,74,8,-1,12,0
161,164,77,4,-1,12,0
161,168,76,4,-1,12,0
161,172,74,4,-1,12,0
161,176,73,4,-1,12,0
161,180,74,8,-1,12,0
161,188,74,4,-1,12,1
162,12,69,4,0,16,0
162,16,69,4,0,16,0
162,20,67,2,0,16,0
162,22,65,2,0,16,0
162,24,64,4,0,16,0
162,28,69,4,0,16,0
162,32,67,4,0,16,0
162,36,64,4,0,16,0
162,40,65,4,0,16,1
162,44,69,4,0,16,0
162,48,69,4,0,16,0
162,52,67,2,0,16,0
162,54,65,2,0,16,0
162,56,64,4,0,16,0
162,60,69,4,0,16,0
162,64,67,4,0,16,0
162,68,64,4,0,16,0
162,72,65,4,0,16,1
162,76,69,4,0,16,0
162,80,71,4,0,16,0
162,84,73,4,0,16,0
162,88,74,4,0,16,0
162,92,69,2,0,16,0
162,94,71,2,0,16,0
162,96,72,4,0,16,0
162,100,71,4,0,16,0
162,104,69,4,0,16,1
162,108,71,4,0,16,0
162,112,72,4,0,16,0
162,116,71,4,0,16,0
162,120,69,4,0,16,0
162,124,69,4,0,16,0
162,128,67,2,0,16,0
162,130,65,2,0,16,0
162,132,64,4,0,16,0
162,136,65,4,0,16,1
162,140,67,4,0,16,0
162,144,67,4,0,16,0
162,148,69,4,0,16,0
162,152,67,2,0,16,0
162,154,65,2,0,16,0
162,156,64,4,0,16,0
162,160,65,4,0,16,0
162,164,65,4,0,16,0
162,168,64,4,0,16,1
162,172,71,4,0,16,0
162,176,72,4,0,16,0
162,180,71,4,0,16,0
162,184,69,4,0,16,0
162,188,64,4,0,16,0
162,192,69,4,0,16,0
162,196,69,4,0,16,0
162,200,68,4,0,16,1
163,12,74,4,-2,16,0
163,16,74,4,-2,16,0
163,20,74,4,-2,16,0
163,24,74,4,-2,16,0
163,28,72,4,-2,16,0
163,32,70,8,-2,16,0
163,40,69,4,-2,16,1
163,44,74,4,-2,16,0
163,48,74,2,-2,16,0
163,50,75,2,-2,16,0
163,52,77,4,-2,16,0
163,56,75,4,-2,16,0
163,60,74,4,-2,16,0
163,64,72,8,-2,16,0
163,72,74,4,-2,16,1
163,76,74,4,-2,16,0
163,80,72,4,-2,16,0
163,84,70,4,-2,16,0
163,88,69,4,-2,16,0
163,92,67,4,-2,16,0
163,96,69,4,-2,16,0
163,100,70,4,-2,16,0
163,104,69,4,-2,16,1
163,108,74,4,-2,16,0
163,112,70,4,-2,16,0
163,116,70,4,-2,16,0
163,120,72,4,-2,16,0
163,124,74,4,-2,16,0
163,128,75,4,-2,16,0
163,132,74,4,-2,16,0
163,136,72,4,-2,16,0
163,140,72,4,-2,16,0
163,144,74,6,-2,16,0
163,150,72,2,-2,16,0
163,152,71,4,-2,16,1
165,12,65,4,-1,16,0
165,16,65,4,-1,16,0
165,20,65,4,-1,16,0
165,24,72,4,-1,16,0
165,28,72,4,-1,16,0
165,32,74,8,-1,16,0
165,40,72,4,-1,16,1
165,44,72,4,-1,16,0
165,48,65,4,-1,16,0
165,52,67,4,-1,16,0
165,56,69,4,-1,16,0
165,60,70,4,-1,16,0
165,64,69,4,-1,16,0
165,68,67,2,-1,16,0
165,70,65,2,-1,16,0
165,72,65,4,-1,16,1
165,76,69,4,-1,16,0
165,80,69,4,-1,16,0
165,84,69,4,-1,16,0
165,88,67,4,-1,16,0
165,92,69,4,-1,16,0
165,96,65,2,-1,16,0
165,98,64,2,-1,16,0
165,100,62,4,-1,16,0
165,104,60,4,-1,16,1
165,108,72,4,-1,16,0
165,112,74,4,-1,16,0
165,116,72,4,-1,16,0
165,120,72,4,-1,16,0
165,124,69,2,-1,16,0
165,126,70,2,-1,16,0
165,128,72,4,-1,16,0
165,132,70,4,-1,16,0
165,136,69,4,-1,16,1
165,140,74,4,-1,16,0
165,144,72,2,-1,16,0
165,146,70,2,-1,16,0
165,148,69,4,-1,16,0
165,152,67,4,-1,16,0
165,156,69,4,-1,16,0
165,160,72,4,-1,16,0
165,164,69,4,-1,16,0
165,168,67,8,-1,16,0
165,176,65,12,-1,16,1
166,12,67,4,-2,16,0
166,16,70,4,-2,16,0
166,20,67,4,-2,16,0
166,24,66,4,-2,16,0
166,28,67,4,-2,16,0
166,32,69,8,-2,16,0
166,40,70,4,-2,16,1
166,44,70,4,-2,16,0
166,48,69,4,-2,16,0
166,52,70,4,-2,16,0
166,56,72,4,-2,16,0
166,60,69,4,-2,16,0
166,64,70,8,-2,16,0
166,72,69,4,-2,16,1
166,76,70,4,-2,16,0
166,80,69,4,-2,16,0
166,84,67,4,-2,16,0
166,88,67,4,-2,16,0
166,92,66,4,-2,16,0
166,96,67,12,-2,16,1
166,108,70,4,-2,16,0
166,112,70,4,-2,16,0
166,116,70,4,-2,16,0
166,120,69,4,-2,16,0
166,124,70,4,-2,16,0
166,128,67,8,-2,16,0
166,136,66,4,-2,16,1
166,140,70,4,-2,16,0
166,144,70,4,-2,16,0
166,148,70,4,-2,16,0
166,152,69,4,-2,16,0
166,156,70,4,-2,16,0
166,160,67,8,-2,16,0
166,168,66,4,-2,16,1
166,172,67,4,-2,16,0
166,176,69,2,-2,16,0
166,178,71,2,-2,16,0
166,180,72,4,-2,16,0
166,184,72,4,-2,16,0
166,188,71,4,-2,16,0
166,192,72,4,-2,16,1
166,196,69,4,-2,16,0
166,200,70,4,-2,16,0
166,204,69,4,-2,16,0
166,208,67,4,-2,16,0
166,212,66,4,-2,16,0
166,216,67,4,-2,16,1
169,0,73,4,3,16,0
169,4,69,4,3,16,0
169,8,71,4,3,16,0
169,12,71,4,3,16,0
169,16,73,4,3,16,0
169,20,75,4,3,16,0
169,24,76,8,3,16,1
169,32,71,4,3,16,0
169,36,73,4,3,16,0
169,40,74,4,3,16,0
169,44,73,4,3,16,0
169,48,71,8,3,16,0
169,56,69,8,3,16,1
169,64,71,4,3,16,0
169,68,71,4,3,16,0
169,72,76,4,3,16,0
169,76,76,4,3,16,0
169,80,74,4,3,16,0
169,84,74,4,3,16,0
169,88,73,8,3,16,1
169,96,71,4,3,16,0
169,100,71,4,3,16,0
169,104,69,4,3,16,0
169,108,68,4,3,16,0
169,112,66,8,3,16,0
169,120,64,8,3,16,1
169,128,69,4,3,16,0
169,132,69,4,3,16,0
169,136,74,4,3,16,0
169,140,74,4,3,16,0
169,144,73,4,3,16,0
169,148,73,4,3,16,0
169,152,71,8,3,16,1
169,160,69,4,3,16,0
169,164,69,4,3,16,0
169,168,69,4,3,16,0
169,172,69,4,3,16,0
169,176,71,8,3,16,0
169,184,64,8,3,16,1
169,192,76,4,3,16,0
169,196,74,4,3,16,0
169,200,73,4,3,16,0
169,204,71,4,3,16,0
169,208,69,4,3,16,0
169,212,68,4,3,16,0
169,216,66,8,3,16,1
169,224,69,4,3,16,0
169,228,69,4,3,16,0
169,232,74,4,3,16,0
169,236,73,4,3,16,0
169,240,71,8,3,16,0
169,248,69,8,3,16,1
170,0,71,4,2,16,0
170,4,71,4,2,16,0
170,8,69,4,2,16,0
170,12,74,4,2,16,0
170,16,73,2,2,16,0
170,18,71,2,2,16,0
170,20,73,4,2,16,0
170,24,71,8,2,16,1
170,32,71,2,2,16,0
170,34,73,2,2,16,0
170,36,74,4,2,16,0
170,40,76,4,2,16,0
170,44,74,4,2,16,0
170,48,76,4,2,16,0
170,52,78,4,2,16,0
170,56,74,8,2,16,1
170,64,74,4,2,16,0
170,68,76,4,2,16,0
170,72,78,2,2,16,0
170,74,76,2,2,16,0
170,76,74,4,2,16,0
170,80,76,2,2,16,0
170,82,74,2,2,16,0
170,84,73,4,2,16,0
170,88,71,8,2,16,1
170,96,71,4,2,16,0
170,100,71,4,2,16,0
170,104,69,4,2,16,0
170,108,74,4,2,16,0
170,112,73,2,2,16,0
170,114,71,2,2,16,0
170,116,73,4,2,16,0
170,120,71,8,2,16,1
172,0,67,4,-2,16,0
172,4,69,4,-2,16,0
172,8,70,4,-2,16,0
172,12,70,4,-2,16,0
172,16,72,4,-2,16,0
172,20,70,4,-2,16,0
172,24,69,4,-2,16,0
172,28,69,4,-2,16,1
172,32,70,4,-2,16,0
172,36,72,4,-2,16,0
172,40,74,4,-2,16,0
172,44,74,4,-2,16,0
172,48,75,4,-2,16,0
172,52,74,2,-2,16,0
172,54,72,2,-2,16,0
172,56,72,8,-2,16,0
172,64,70,8,-2,16,1
172,72,74,4,-2,16,0
172,76,72,4,-2,16,0
172,80,74,4,-2,16,0
172,84,74,4,-2,16,0
172,88,72,4,-2,16,0
172,92,70,4,-2,16,0
172,96,72,4,-2,16,0
172,100,72,4,-2,16,1
172,104,72,4,-2,16,0
172,108,74,4,-2,16,0
172,112,75,4,-2,16,0
172,116,75,4,-2,16,0
172,120,74,4,-2,16,0
172,124,72,2,-2,16,0
172,126,74,2,-2,16,0
172,128,74,8,-2,16,0
172,136,72,8,-2,16,1
172,144,67,4,-2,16,0
172,148,69,4,-2,16,0
172,152,70,4,-2,16,0
172,156,70,4,-2,16,0
172,160,72,4,-2,16,0
172,164,72,4,-2,16,0
172,168,74,4,-2,16,0
172,172,74,4,-2,16,1
172,176,74,4,-2,16,0
172,180,74,4,-2,16,0
172,184,75,4,-2,16,0
172,188,75,4,-2,16,0
172,192,72,4,-2,16,0
172,196,70,2,-2,16,0
172,198,69,2,-2,16,0
172,200,69,8,-2,16,0
172,208,67,16,-2,16,1
174,0,67,4,-1,16,0
174,4,65,4,-1,16,0
174,8,65,4,-1,16,0
174,12,67,4,-1,16,0
174,16,69,4,-1,16,0
174,20,67,4,-1,16,0
174,24,65,4,-1,16,0
174,28,64,4,-1,16,0
174,32,62,8,-1,16,1
174,44,65,4,-1,16,0
174,48,67,4,-1,16,0
174,52,69,4,-1,16,0
174,56,67,4,-1,16,0
174,60,66,4,-1,16,0
174,64,67,8,-1,16,1
174,76,72,4,-1,16,0
174,80,67,2,-1,16,0
174,82,69,2,-1,16,0
174,84,70,4,-1,16,0
174,88,69,4,-1,16,0
174,92,67,4,-1,16,0
174,96,69,8,-1,16,1
174,108,67,4,-1,16,0
174,112,65,4,-1,16,0
174,116,67,4,-1,16,0
174,120,69,4,-1,16,0
174,124,67,4,-1,16,0
174,128,65,4,-1,16,0
174,132,64,4,-1,16,0
174,136,62,4,-1,16,1
174,140,65,4,-1,16,0
174,144,67,4,-1,16,0
174,148,69,4,-1,16,0
174,152,67,4,-1,16,0
174,156,66,4,-1,16,0
174,160,67,16,-1,16,1
177,12,73,4,3,16,0
177,16,73,2,3,16,0
177,18,74,2,3,16,0
177,20,76,4,3,16,0
177,24,73,4,3,16,0
177,28,69,4,3,16,0
177,32,71,4,3,16,0
177,36,73,4,3,16,0
177,40,74,4,3,16,1
177,44,73,4,3,16,0
177,48,71,4,3,16,0
177,52,69,4,3,16,0
177,56,69,6,3,16,0
177,62,71,2,3,16,0
177,64,73,4,3,16,0
177,68,73,4,3,16,0
177,72,71,2,3,16,0
177,74,69,2,3,16,0
177,76,71,4,3,16,0
177,80,69,12,3,16,1
177,92,73,4,3,16,0
177,96,71,4,3,16,0
177,100,73,4,3,16,0
177,104,69,4,3,16,0
177,108,66,4,3,16,0
177,112,68,4,3,16,0
177,116,69,4,3,16,0
177,120,71,4,3,16,1
177,124,73,4,3,16,0
177,128,69,4,3,16,0
177,132,69,4,3,16,0
177,136,69,6,3,16,0
177,142,71,2,3,16,0
177,144,73,4,3,16,0
177,148,73,4,3,16,0
177,152,71,2,3,16,0
177,154,69,2,3,16,0
177,156,71,4,3,16,0
177,160,69,12,3,16,1
190,0,64,4,0,16,0
190,4,64,4,0,16,0
190,8,66,4,0,16,0
190,12,68,4,0,16,0
190,16,69,8,0,16,0
190,24,67,8,0,16,1
190,32,68,4,0,16,0
190,36,68,4,0,16,0
190,40,69,4,0,16,0
190,44,71,4,0,16,0
190,48,72,8,0,16,0
190,56,71,8,0,16,1
190,64,72,4,0,16,0
190,68,72,4,0,16,0
190,72,71,4,0,16,0
190,76,71,4,0,16,0
190,80,69,8,0,16,0
190,88,68,8,0,16,1
190,96,69,4,0,16,0
190,100,69,4,0,16,0
190,104,67,4,0,16,0
190,108,67,4,0,16,0
190,112,65,8,0,16,0
190,120,64,8,0,16,1
190,128,76,4,0,16,0
190,132,76,4,0,16,0
190,136,74,4,0,16,0
190,140,74,4,0,16,0
190,144,72,8,0,16,0
190,152,71,8,0,16,1
190,160,69,4,0,16,0
190,164,69,4,0,16,0
190,168,67,4,0,16,0
190,172,67,4,0,16,0
190,176,65,8,0,16,0
190,184,64,8,0,16,1
192,0,74,4,-2,12,0
192,4,70,4,-2,12,0
192,8,74,4,-2,12,0
192,12,75,8,-2,12,0
192,20,74,4,-2,12,0
192,24,72,8,-2,12,0
192,32,70,4,-2,12,0
192,36,72,8,-2,12,0
192,44,72,4,-2,12,1
192,48,74,4,-2,12,0
192,52,74,4,-2,12,0
192,56,74,4,-2,12,0
192,60,67,8,-2,12,0
192,68,69,4,-2,12,0
192,72,70,8,-2,12,0
192,80,70,4,-2,12,0
192,84,69,12,-2,12,1
192,96,65,4,-2,12,0
192,100,72,4,-2,12,0
192,104,72,4,-2,12,0
192,108,72,8,-2,12,0
192,116,74,4,-2,12,0
192,120,75,8,-2,12,0
192,128,75,4,-2,12,0
192,132,74,12,-2,12,1
192,144,77,4,-2,12,0
192,148,77,4,-2,12,0
192,152,77,4,-2,12,0
192,156,75,12,-2,12,0
192,168,74,4,-2,12,0
192,172,74,4,-2,12,0
192,176,72,4,-2,12,0
192,180,70,12,-2,12,1
196,12,67,4,-3,16,0
196,16,67,4,-3,16,0
196,20,67,4,-3,16,0
196,24,70,4,-3,16,0
196,28,67,4,-3,16,0
196,32,70,4,-3,16,0
196,36,71,4,-3,16,0
196,40,72,4,-3,16,1
196,44,74,4,-3,16,0
196,48,75,2,-3,16,0
196,50,74,2,-3,16,0
196,52,72,2,-3,16,0
196,54,74,2,-3,16,0
196,56,75,4,-3,16,0
196,60,74,4,-3,16,0
196,64,72,4,-3,16,0
196,68,72,4,-3,16,0
196,72,71,4,-3,16,1
196,76,67,4,-3,16,0
196,80,72,2,-3,16,0
196,82,74,2,-3,16,0
196,84,75,4,-3,16,0
196,88,74,4,-3,16,0
196,92,72,4,-3,16,0
196,96,71,8,-3,16,0
196,104,72,4,-3,16,1
196,108,67,4,-3,16,0
196,112,67,4,-3,16,0
196,116,69,4,-3,16,0
196,120,70,4,-3,16,0
196,124,68,4,-3,16,0
196,128,67,4,-3,16,0
196,132,65,4,-3,16,0
196,136,63,4,-3,16,1
196,140,63,4,-3,16,0
196,144,70,4,-3,16,0
196,148,70,4,-3,16,0
196,152,72,4,-3,16,0
196,156,74,4,-3,16,0
196,160,75,4,-3,16,0
196,164,74,4,-3,16,0
196,168,75,4,-3,16,1
196,172,75,4,-3,16,0
196,176,77,4,-3,16,0
196,180,75,4,-3,16,0
196,184,74,4,-3,16,0
196,188,72,4,-3,16,0
196,192,72,4,-3,16,0
196,196,71,4,-3,16,0
196,200,72,4,-3,16,1
199,8,67,4,-1,12,0
199,12,69,8,-1,12,0
199,20,67,4,-1,12,0
199,24,65,8,-1,12,0
199,32,62,4,-1,12,0
199,36,65,12,-1,12,0
199,48,67,8,-1,12,1
199,56,69,4,-1,12,0
199,60,70,8,-1,12,0
199,68,74,4,-1,12,0
199,72,72,8,-1,12,0
199,80,70,4,-1,12,0
199,84,69,12,-1,12,0
199,96,67,8,-1,12,1
199,104,72,4,-1,12,0
199,108,72,8,-1,12,0
199,116,72,4,-1,12,0
199,120,74,8,-1,12,0
199,128,72,4,-1,12,0
199,132,70,4,-1,12,0
199,136,69,4,-1,12,0
199,140,67,4,-1,12,0
199,144,65,8,-1,12,1
199,152,65,4,-1,12,0
199,156,70,8,-1,12,0
199,164,69,4,-1,12,0
199,168,70,8,-1,12,0
199,176,72,4,-1,12,0
199,180,74,8,-1,12,0
199,188,72,4,-1,12,0
199,192,70,6,-1,12,0
199,198,69,2,-1,12,0
199,200,67,4,-1,12,0
199,204,66,8,-1,12,1
199,212,69,4,-1,12,0
199,216,70,8,-1,12,0
199,224,74,4,-1,12,0
199,228,72,8,-1,12,0
199,236,70,4,-1,12,0
199,240,69,12,-1,12,0
199,252,67,8,-1,12,1
200,0,72,4,0,16,0
200,4,67,4,0,16,0
200,8,69,4,0,16,0
200,12,71,4,0,16,0
200,16,72,8,0,16,0
200,24,72,4,0,16,1
200,28,67,4,0,16,0
200,32,72,4,0,16,0
200,36,70,4,0,16,0
200,40,69,8,0,16,0
200,48,67,8,0,16,1
200,56,67,4,0,16,0
200,60,69,4,0,16,0
200,64,70,4,0,16,0
200,68,72,4,0,16,0
200,72,70,4,0,16,0
200,76,69,4,0,16,0
200,80,67,8,0,16,1
200,88,67,4,0,16,0
200,92,72,4,0,16,0
200,96,72,4,0,16,0
200,100,71,4,0,16,0
200,104,72,8,0,16,1
200,112,72,4,0,16,0
200,116,72,4,0,16,0
200,120,74,4,0,16,0
200,124,74,4,0,16,0
200,128,72,4,0,16,0
200,132,70,4,0,16,0
200,136,69,8,0,16,1
200,144,67,4,0,16,0
200,148,69,4,0,16,0
200,152,70,4,0,16,0
200,156,69,4,0,16,0
200,160,67,8,0,16,1
200,168,70,4,0,16,0
200,172,72,4,0,16,0
200,176,74,4,0,16,0
200,180,75,2,0,16,0
200,182,74,2,0,16,0
200,184,72,8,0,16,0
200,192,74,8,0,16,1
200,200,74,4,0,16,0
200,204,72,4,0,16,0
200,208,74,4,0,16,0
200,212,72,4,0,16,0
200,216,70,4,0,16,0
200,220,67,4,0,16,0
200,224,69,4,0,16,0
200,228,71,4,0,16,0
200,232,72,8,0,16,1
207,0,62,4,-1,12,0
207,4,62,4,-1,12,0
207,8,62,4,-1,12,0
207,12,69,8,-1,12,0
207,20,69,4,-1,12,0
207,24,70,8,-1,12,0
207,32,70,4,-1,12,0
207,36,69,12,-1,12,1
207,48,65,4,-1,12,0
207,52,67,4,-1,12,0
207,56,69,4,-1,12,0
207,60,70,12,-1,12,0
207,72,69,4,-1,12,0
207,76,67,6,-1,12,0
207,82,65,2,-1,12,0
207,84,65,8,-1,12,1
207,92,67,4,-1,12,0
207,96,69,8,-1,12,0
207,104,67,4,-1,12,0
207,108,67,8,-1,12,0
207,116,69,4,-1,12,0
207,120,65,8,-1,12,0
207,128,65,4,-1,12,0
207,132,64,12,-1,12,1
207,144,62,4,-1,12,0
207,148,64,4,-1,12,0
207,152,65,4,-1,12,0
207,156,67,12,-1,12,0
207,168,65,4,-1,12,0
207,172,64,6,-1,12,0
207,178,62,2,-1,12,0
207,180,62,12,-1,12,1
211,0,72,4,0,16,0
211,4,71,4,0,16,0
211,8,69,4,0,16,0
211,12,69,4,0,16,0
211,16,69,4,0,16,0
211,20,71,4,0,16,0
211,24,72,2,0,16,0
211,26,71,2,0,16,0
211,28,69,4,0,16,0
211,32,67,8,0,16,1
211,44,71,4,0,16,0
211,48,72,4,0,16,0
211,52,71,4,0,16,0
211,56,72,4,0,16,0
211,60,69,4,0,16,0
211,64,71,4,0,16,0
211,68,67,4,0,16,0
211,72,69,8,0,16,0
211,80,71,8,0,16,1
211,92,71,4,0,16,0
211,96,71,4,0,16,0
211,100,71,4,0,16,0
211,104,69,4,0,16,0
211,108,71,4,0,16,0
211,112,72,8,0,16,1
211,120,67,4,0,16,0
211,124,67,4,0,16,0
211,128,69,4,0,16,0
211,132,71,4,0,16,0
211,136,72,4,0,16,0
211,140,69,4,0,16,0
211,144,71,8,0,16,1
211,152,71,4,0,16,0
211,156,72,4,0,16,0
211,160,74,4,0,16,0
211,164,74,4,0,16,0
211,168,72,4,0,16,0
211,172,69,4,0,16,0
211,176,71,8,0,16,1
211,184,74,4,0,16,0
211,188,74,4,0,16,0
211,192,74,4,0,16,0
211,196,74,4,0,16,0
211,200,76,4,0,16,0
211,204,74,2,0,16,0
211,206,72,2,0,16,0
211,208,71,8,0,16,1
211,216,71,4,0,16,0
211,220,67,4,0,16,0
211,224,69,4,0,16,0
211,228,71,2,0,16,0
211,230,72,2,0,16,0
211,232,74,2,0,16,0
211,234,72,2,0,16,0
211,236,71,4,0,16,0
211,240,69,4,0,16,0
211,244,71,4,0,16,0
211,248,72,8,0,16,1
212,0,63,4,-3,16,0
212,4,63,4,-3,16,0
212,8,70,4,-3,16,0
212,12,70,4,-3,16,0
212,16,72,4,-3,16,0
212,20,74,4,-3,16,0
212,24,75,8,-3,16,1
212,32,74,6,-3,16,0
212,38,75,2,-3,16,0
212,40,77,4,-3,16,0
212,44,70,4,-3,16,0
212,48,75,4,-3,16,0
212,52,74,4,-3,16,0
212,56,72,8,-3,16,0
212,64,70,8,-3,16,1
212,72,75,4,-3,16,0
212,76,75,4,-3,16,0
212,80,70,4,-3,16,0
212,84,70,4,-3,16,0
212,88,68,4,-3,16,0
212,92,68,4,-3,16,0
212,96,67,8,-3,16,1
212,104,70,4,-3,16,0
212,108,70,4,-3,16,0
212,112,68,4,-3,16,0
212,116,67,4,-3,16,0
212,120,65,8,-3,16,0
212,128,63,8,-3,16,1
212,136,65,4,-3,16,0
212,140,65,4,-3,16,0
212,144,67,2,-3,16,0
212,146,69,2,-3,16,0
212,148,70,4,-3,16,0
212,152,70,4,-3,16,0
212,156,69,4,-3,16,0
212,160,70,8,-3,16,1
212,168,72,4,-3,16,0
212,172,74,4,-3,16,0
212,176,75,8,-3,16,1
212,184,70,4,-3,16,0
212,188,70,4,-3,16,0
212,192,68,4,-3,16,0
212,196,67,4,-3,16,0
212,200,65,8,-3,16,0
212,208,63,16,-3,16,1
216,0,69,8,3,16,0
216,8,71,4,3,16,0
216,12,73,4,3,16,0
216,16,75,8,3,16,1
216,28,75,4,3,16,0
216,32,76,4,3,16,0
216,36,71,4,3,16,0
216,40,71,4,3,16,0
216,44,74,4,3,16,0
216,48,73,12,3,16,1
216,60,71,4,3,16,0
216,64,73,2,3,16,0
216,66,75,2,3,16,0
216,68,76,4,3,16,0
216,72,76,4,3,16,0
216,76,75,4,3,16,0
216,80,76,8,3,16,1
216,88,69,8,3,16,0
216,96,71,4,3,16,0
216,100,73,4,3,16,0
216,104,75,8,3,16,1
216,116,75,4,3,16,0
216,120,76,4,3,16,0
216,124,71,4,3,16,0
216,128,71,4,3,16,0
216,132,74,4,3,16,0
216,136,73,8,3,16,1
216,148,71,4,3,16,0
216,152,73,2,3,16,0
216,154,75,2,3,16,0
216,156,76,4,3,16,0
216,160,76,4,3,16,0
216,164,75,4,3,16,0
216,168,76,8,3,16,1
216,180,71,4,3,16,0
216,184,71,4,3,16,0
216,188,71,4,3,16,0
216,192,73,4,3,16,0
216,196,71,4,3,16,0
216,200,74,4,3,16,0
216,204,73,4,3,16,0
216,208,73,8,3,16,0
216,216,71,8,3,16,1
216,228,71,4,3,16,0
216,232,71,4,3,16,0
216,236,71,4,3,16,0
216,240,73,4,3,16,0
216,244,71,4,3,16,0
216,248,74,4,3,16,0
216,252,73,4,3,16,0
216,256,73,8,3,16,0
216,264,71,8,3,16,1
216,276,76,4,3,16,0
216,280,73,4,3,16,0
216,284,71,4,3,16,0
216,288,69,8,3,16,1
216,300,76,4,3,16,0
216,304,73,4,3,16,0
216,308,71,4,3,16,0
216,312,69,8,3,16,1
226,12,67,4,-2,16,0
226,16,67,2,-2,16,0
226,18,69,2,-2,16,0
226,20,70,4,-2,16,0
226,24,69,2,-2,16,0
226,26,67,2,-2,16,0
226,28,65,4,-2,16,0
226,32,70,4,-2,16,0
226,36,69,4,-2,16,0
226,40,70,4,-2,16,1
226,44,70,4,-2,16,0
226,48,69,4,-2,16,0
226,52,67,4,-2,16,0
226,56,60,4,-2,16,0
226,60,70,4,-2,16,0
226,64,69,8,-2,16,0
226,72,67,4,-2,16,1
226,76,74,4,-2,16,0
226,80,70,4,-2,16,0
226,84,60,4,-2,16,0
226,88,74,4,-2,16,0
226,92,60,4,-2,16,0
226,96,70,4,-2,16,0
226,100,70,4,-2,16,0
226,104,69,4,-2,16,1
226,108,70,4,-2,16,0
226,112,70,4,-2,16,0
226,116,69,4,-2,16,0
226,120,70,4,-2,16,0
226,124,69,4,-2,16,0
226,128,67,4,-2,16,0
226,132,67,4,-2,16,0
226,136,66,4,-2,16,1
226,140,70,4,-2,16,0
226,144,69,4,-2,16,0
226,148,67,4,-2,16,0
226,152,60,4,-2,16,0
226,156,70,4,-2,16,0
226,160,69,8,-2,16,0
226,168,67,4,-2,16,1
230,12,67,4,-2,16,0
230,16,67,4,-2,16,0
230,20,70,4,-2,16,0
230,24,69,4,-2,16,0
230,28,67,4,-2,16,0
230,32,70,4,-2,16,0
230,36,60,4,-2,16,0
230,40,74,4,-2,16,1
230,44,74,4,-2,16,0
230,48,74,4,-2,16,0
230,52,74,2,-2,16,0
230,54,75,2,-2,16,0
230,56,77,2,-2,16,0
230,58,75,2,-2,16,0
230,60,74,4,-2,16,0
230,64,72,4,-2,16,0
230,68,72,4,-2,16,0
230,72,70,4,-2,16,1
230,76,70,4,-2,16,0
230,80,70,4,-2,16,0
230,84,74,4,-2,16,0
230,88,72,4,-2,16,0
230,92,69,4,-2,16,0
230,96,70,4,-2,16,0
230,100,72,4,-2,16,0
230,104,74,4,-2,16,1
230,108,74,4,-2,16,0
230,112,74,4,-2,16,0
230,116,74,4,-2,16,0
230,120,72,4,-2,16,0
230,124,72,4,-2,16,0
230,128,70,6,-2,16,0
230,134,69,1,-2,16,0
230,135,67,1,-2,16,0
230,136,65,4,-2,16,1
230,140,65,4,-2,16,0
230,144,70,2,-2,16,0
230,146,72,2,-2,16,0
230,148,74,4,-2,16,0
230,152,72,4,-2,16,0
230,156,74,4,-2,16,0
230,160,70,4,-2,16,0
230,164,69,4,-2,16,0
230,168,67,4,-2,16,1
238,0,64,4,1,16,0
238,4,64,4,1,16,0
238,8,71,4,1,16,0
238,12,71,2,1,16,0
238,14,72,2,1,16,0
238,16,74,4,1,16,0
238,20,71,4,1,16,0
238,24,67,4,1,16,0
238,28,69,2,1,16,0
238,30,71,2,1,16,0
238,32,72,8,1,16,0
238,40,71,8,1,16,1
238,48,69,4,1,16,0
238,52,69,4,1,16,0
238,56,67,4,1,16,0
238,60,69,4,1,16,0
238,64,71,4,1,16,0
238,68,69,4,1,16,0
238,72,67,4,1,16,0
238,76,66,4,1,16,0
238,80,64,8,1,16,0
238,88,62,8,1,16,1
238,96,67,4,1,16,0
238,100,66,4,1,16,0
238,104,67,2,1,16,0
238,106,69,2,1,16,0
238,108,71,4,1,16,0
238,112,69,2,1,16,0
238,114,67,2,1,16,0
238,116,66,4,1,16,0
238,120,64,8,1,16,1
238,128,66,4,1,16,0
238,132,64,2,1,16,0
238,134,66,2,1,16,0
238,136,67,4,1,16,0
238,140,66,4,1,16,0
238,144,64,16,1,16,1
248,12,74,4,1,16,0
248,16,74,4,1,16,0
248,20,74,4,1,16,0
248,24,74,2,1,16,0
248,26,76,2,1,16,0
248,28,77,4,1,16,0
248,32,76,4,1,16,0
248,36,74,4,1,16,0
248,40,72,4,1,16,1
248,44,74,4,1,16,0
248,48,71,2,1,16,0
248,50,69,2,1,16,0
248,52,67,2,1,16,0
248,54,69,2,1,16,0
248,56,71,4,1,16,0
248,60,73,4,1,16,0
248,64,74,4,1,16,0
248,68,76,4,1,16,0
248,72,74,4,1,16,1
248,76,74,4,1,16,0
248,80,79,4,1,16,0
248,84,78,4,1,16,0
248,88,76,4,1,16,0
248,92,78,4,1,16,0
248,96,79,2,1,16,0
248,98,78,2,1,16,0
248,100,76,4,1,16,0
248,104,74,4,1,16,1
248,108,74,4,1,16,0
248,112,79,4,1,16,0
248,116,74,4,1,16,0
248,120,76,4,1,16,0
248,124,71,2,1,16,0
248,126,72,2,1,16,0
248,128,74,4,1,16,0
248,132,72,4,1,16,0
248,136,71,4,1,16,1
248,140,71,4,1,16,0
248,144,69,2,1,16,0
248,146,71,2,1,16,0
248,148,72,4,1,16,0
248,152,71,4,1,16,0
248,156,69,4,1,16,0
248,160,64,4,1,16,0
248,164,66,4,1,16,0
248,168,67,4,1,16,1
269,0,74,4,-2,16,0
269,4,74,4,-2,16,0
269,8,69,4,-2,16,0
269,12,70,4,-2,16,0
269,16,72,4,-2,16,0
269,20,70,2,-2,16,0
269,22,69,2,-2,16,0
269,24,69,8,-2,16,0
269,32,67,8,-2,16,1
269,40,70,4,-2,16,0
269,44,70,4,-2,16,0
269,48,69,4,-2,16,0
269,52,67,4,-2,16,0
269,56,66,4,-2,16,0
269,60,67,4,-2,16,0
269,64,69,16,-2,16,1
269,80,69,4,-2,16,0
269,84,70,4,-2,16,0
269,88,72,4,-2,16,0
269,92,69,4,-2,16,0
269,96,70,4,-2,16,0
269,100,69,2,-2,16,0
269,102,67,2,-2,16,0
269,104,67,8,-2,16,0
269,112,65,8,-2,16,1
269,120,70,4,-2,16,0
269,124,72,4,-2,16,0
269,128,74,4,-2,16,0
269,132,70,4,-2,16,0
269,136,75,4,-2,16,0
269,140,74,4,-2,16,0
269,144,72,8,-2,16,0
269,152,70,8,-2,16,1
269,160,69,4,-2,16,0
269,164,70,4,-2,16,0
269,168,72,4,-2,16,0
269,172,74,4,-2,16,0
269,176,72,4,-2,16,0
269,180,70,4,-2,16,0
269,184,69,8,-2,16,1
269,192,67,4,-2,16,0
269,196,69,4,-2,16,0
269,200,70,4,-2,16,0
269,204,72,2,-2,16,0
269,206,70,2,-2,16,0
269,208,69,6,-2,16,0
269,214,67,2,-2,16,0
269,216,67,8,-2,16,1
285,0,72,4,0,16,0
285,4,72,2,0,16,0
285,6,71,2,0,16,0
285,8,69,2,0,16,0
285,10,71,2,0,16,0
285,12,72,2,0,16,0
285,14,74,2,0,16,0
285,16,76,4,0,16,0
285,20,74,4,0,16,0
285,24,74,4,0,16,0
285,28,72,4,0,16,1
285,32,72,4,0,16,0
285,36,71,4,0,16,0
285,40,69,2,0,16,0
285,42,71,2,0,16,0
285,44,72,4,0,16,0
285,48,74,4,0,16,0
285,52,71,8,0,16,0
285,60,69,4,0,16,1
285,64,74,4,0,16,0
285,68,76,4,0,16,0
285,72,76,4,0,16,0
285,76,71,2,0,16,0
285,78,72,2,0,16,0
285,80,74,4,0,16,0
285,84,72,4,0,16,0
285,88,72,4,0,16,0
285,92,71,4,0,16,1
285,96,72,4,0,16,0
285,100,74,4,0,16,0
285,104,69,2,0,16,0
285,106,71,2,0,16,0
285,108,72,4,0,16,0
285,112,71,4,0,16,0
285,116,69,4,0,16,0
285,120,69,4,0,16,0
285,124,67,4,0,16,1
285,128,72,4,0,16,0
285,132,71,4,0,16,0
285,136,69,2,0,16,0
285,138,71,2,0,16,0
285,140,72,4,0,16,0
285,144,74,2,0,16,0
285,146,72,2,0,16,0
285,148,71,8,0,16,0
285,156,69,4,0,16,1
